year,month,monthly_anomaly,monthly_uncertainty
1750,1,0.302,5.003
1750,2,-1.412,4.161
1750,3,-0.268,2.682
1750,4,0.702,1.966
1750,5,-0.719,2.953
1750,6,-0.399,3.504
1750,7,0.469,2.692
1750,8,1.415,3.344
1750,9,-0.194,2.924
1750,10,-1.544,2.098
1750,11,-4.006,1.94
1750,12,-2.477,6.547
1751,1,-0.632,4.014
1751,2,-2.755,6.178
1751,3,0.46,2.378
1751,4,-0.09,3.857
1751,5,-0.623,3.672
1751,6,-1.105,3.443
1751,7,1.461,2.249
1751,8,0.676,2.277
1751,9,-0.375,2.43
1751,10,0.063,1.918
1751,11,-1.637,1.851
1751,12,NaN,NaN
1752,1,-2.402,4.795
1752,2,2.417,3.849
1752,3,0.567,2.638
1752,4,-0.412,2.363
1752,5,0.892,2.266
1752,6,0.332,2.396
1752,7,1.048,1.884
1752,8,-0.127,1.306
1752,9,0.883,1.652
1752,10,-0.777,1.744
1752,11,0.776,2.857
1752,12,0.193,4.692
1753,1,0.204,3.404
1753,2,-1.155,5.072
1753,3,1.043,2.628
1753,4,0.149,2.705
1753,5,1.102,3.37
1753,6,0.147,3.138
1753,7,-0.129,2.722
1753,8,0.083,1.651
1753,9,0.871,2.678
1753,10,0.078,1.686
1753,11,-0.268,2.608
1753,12,-2.653,3.487
1754,1,0.402,4.025
1754,2,-2.737,5.78
1754,3,-0.849,2.799
1754,4,4.417,2.027
1754,5,1.325,2.252
1754,6,0.552,3.518
1754,7,0.323,2.013
1754,8,-0.494,1.537
1754,9,-0.606,1.956
1754,10,0.789,2.387
1754,11,0.699,2.563
1754,12,1.181,3.536
1755,1,0.056,5.069
1755,2,-1.991,4.617
1755,3,-1.357,3.37
1755,4,1.295,3.376
1755,5,1.452,3.485
1755,6,1.008,5.274
1755,7,0.559,2.324
1755,8,-0.644,2.121
1755,9,-0.301,2.327
1755,10,2.529,3.059
1755,11,-0.184,4.098
1755,12,-1.087,2.697
1756,1,1.682,3.597
1756,2,2.98,3.543
1756,3,-0.651,4.606
1756,4,1.877,2.77
1756,5,1.775,3.669
1756,6,0.464,3.552
1756,7,-0.75,2.02
1756,8,-0.37,1.778
1756,9,0.216,2.505
1756,10,-0.782,1.962
1756,11,-1.305,3.297
1756,12,-1.842,3.218
1757,1,-1.725,3.806
1757,2,1.404,3.803
1757,3,-0.477,3.223
1757,4,0.949,4.222
1757,5,1.661,4.582
1757,6,2.762,4.328
1757,7,2.593,4.377
1757,8,3.332,2.807
1757,9,2.721,2.264
1757,10,-2.63,3.177
1757,11,-1.36,2.609
1757,12,-1.852,4.166
1758,1,-3.631,6.717
1758,2,-2.589,3.893
1758,3,-1.335,3.633
1758,4,-0.545,3.169
1758,5,-1.984,1.996
1758,6,-0.83,2.667
1758,7,-0.97,2.684
1758,8,-2.27,1.425
1758,9,-1.587,2.185
1758,10,-6.487,3.222
1758,11,-0.076,3.017
1758,12,-0.515,2.611
1759,1,2.364,3.261
1759,2,1.464,5.015
1759,3,-0.437,2.31
1759,4,-1.326,2.593
1759,5,-1.32,2.009
1759,6,-0.113,1.529
1759,7,-1.963,1.784
1759,8,0.739,3.446
1759,9,0.294,2.56
1759,10,-1.241,2.574
1759,11,-1.943,2.375
1759,12,-3.84,2.338
1760,1,-3.444,3.318
1760,2,-0.168,3.466
1760,3,-3.193,3.778
1760,4,-0.981,2.743
1760,5,-0.54,1.996
1760,6,-1.547,2.142
1760,7,-2.598,2.513
1760,8,-0.555,1.866
1760,9,-1.135,1.889
1760,10,-2.026,2.389
1760,11,-0.328,2.85
1760,12,-1.859,4.615
1761,1,-1.634,3.764
1761,2,-1.065,3.749
1761,3,0.652,2.309
1761,4,-0.265,1.298
1761,5,2.188,1.524
1761,6,3.056,2.972
1761,7,4.242,2.287
1761,8,1.502,1.396
1761,9,0.765,3.325
1761,10,-2.307,3.025
1761,11,-0.359,3.358
1761,12,-4.739,4.052
1762,1,3.714,3.592
1762,2,1.161,5.352
1762,3,-1.523,3.502
1762,4,0.69,2.053
1762,5,-0.365,3.811
1762,6,-0.811,2.848
1762,7,-0.819,2.789
1762,8,0.543,2.384
1762,9,-1.098,3.351
1762,10,-2.37,2.907
1762,11,0.739,1.97
1762,12,-0.385,3.372
1763,1,-1.275,5.657
1763,2,-2.396,3.404
1763,3,-3.638,3.913
1763,4,-0.668,2.079
1763,5,-0.715,2.603
1763,6,-1.468,3.027
1763,7,1.412,2.55
1763,8,0.415,4
1763,9,-0.159,1.635
1763,10,-2.181,5.029
1763,11,-1.476,2.283
1763,12,-0.7,2.114
1764,1,-1.367,2.581
1764,2,2.533,3.027
1764,3,-0.157,2.166
1764,4,-0.418,2.216
1764,5,-1.036,4.43
1764,6,-2.379,2.757
1764,7,-1.618,3.617
1764,8,-1.222,1.474
1764,9,-1.187,2.461
1764,10,0.974,1.674
1764,11,-0.619,2.265
1764,12,1.36,2.679
1765,1,1.066,5.536
1765,2,0.43,3.204
1765,3,1.581,2.919
1765,4,0.897,1.57
1765,5,-0.369,1.979
1765,6,-2.385,3.789
1765,7,-0.038,3.379
1765,8,-0.285,1.446
1765,9,-0.771,1.518
1765,10,-0.901,1.745
1765,11,-0.466,3.054
1765,12,-1.094,2.639
1766,1,-3.195,6.013
1766,2,1.805,3.543
1766,3,0.875,2.237
1766,4,0.161,2.357
1766,5,0.386,1.465
1766,6,0.511,3.461
1766,7,-0.518,2.401
1766,8,0.324,2.261
1766,9,0.683,2.13
1766,10,-0.439,1.961
1766,11,1.119,2.698
1766,12,-1.179,2.287
1767,1,-3.252,4.904
1767,2,0.753,5.68
1767,3,1.892,5.116
1767,4,-1.674,3.596
1767,5,-0.599,1.619
1767,6,1.143,3.121
1767,7,-0.445,1.952
1767,8,1.49,1.368
1767,9,0.13,2.064
1767,10,0.061,1.97
1767,11,1.961,5.158
1767,12,-2.583,2.285
1768,1,-4.759,3.123
1768,2,-2.922,5.326
1768,3,-2.73,2.226
1768,4,-0.968,1.636
1768,5,-1.53,1.826
1768,6,-0.233,2.504
1768,7,0.401,2.718
1768,8,-0.805,2.346
1768,9,-0.793,1.844
1768,10,-1.048,2.472
1768,11,-1.096,1.862
1768,12,-0.635,2.691
1769,1,0.042,3.816
1769,2,-0.791,3.253
1769,3,-0.454,3.656
1769,4,1.069,3.333
1769,5,1.9,3.368
1769,6,1.835,2.108
1769,7,0.269,2.713
1769,8,-0.001,2.589
1769,9,-0.298,1.85
1769,10,-3.689,2.132
1769,11,-3.316,2.253
1769,12,-5.013,3.511
1770,1,-0.526,4.269
1770,2,0.921,3.473
1770,3,-3.634,2.055
1770,4,1.376,4.069
1770,5,-0.673,1.569
1770,6,-1.445,2.923
1770,7,-2.313,2.999
1770,8,-1.812,3.05
1770,9,-0.826,2.039
1770,10,-0.089,1.486
1770,11,-0.374,2.812
1770,12,1.054,2.885
1771,1,2.446,4.568
1771,2,-3.367,3.176
1771,3,-2.458,2.567
1771,4,-2.321,2.685
1771,5,-0.911,3.385
1771,6,1.015,1.873
1771,7,0.095,2.103
1771,8,0.601,1.684
1771,9,-0.337,1.573
1771,10,1.45,1.691
1771,11,-1.376,2.32
1771,12,-1.159,3.386
1772,1,-0.966,4.906
1772,2,-1.285,5.26
1772,3,-2.107,3.327
1772,4,0.806,2.581
1772,5,-1.31,2.021
1772,6,-0.367,1.836
1772,7,0.441,2.145
1772,8,0.819,2.346
1772,9,-1.234,2.646
1772,10,0.312,1.74
1772,11,1.7,2.991
1772,12,2.003,2.804
1773,1,-2.459,2.904
1773,2,-1.468,2.937
1773,3,-0.448,2.193
1773,4,1.577,2.09
1773,5,2.234,1.623
1773,6,0.072,1.651
1773,7,0.875,1.318
1773,8,0.454,1.615
1773,9,0.962,1.45
1773,10,0.264,1.914
1773,11,-2.555,5.526
1773,12,1.702,2.448
1774,1,-2.945,4.632
1774,2,1.92,5.843
1774,3,0.793,3.128
1774,4,2.277,2.444
1774,5,6.096,1.972
1774,6,2.404,4.633
1774,7,2.511,5.862
1774,8,0.701,1.742
1774,9,-0.72,1.928
1774,10,-0.233,2.774
1774,11,-2.543,4.067
1774,12,-3.147,3.44
1775,1,1.781,3.836
1775,2,3.17,3.348
1775,3,2.406,2.29
1775,4,-0.448,1.741
1775,5,0.107,2.124
1775,6,-0.936,2.748
1775,7,0.482,1.866
1775,8,0.96,1.756
1775,9,-0.539,2.388
1775,10,1.528,1.999
1775,11,2.632,4.302
1775,12,-1.914,2.527
1776,1,-2.815,4.767
1776,2,1.482,3.771
1776,3,-0.735,2.854
1776,4,-0.796,1.892
1776,5,-0.77,2.5
1776,6,1.211,2.114
1776,7,-0.055,1.713
1776,8,1.32,2.84
1776,9,-1.188,2.372
1776,10,-0.985,2.198
1776,11,0.164,2.279
1776,12,1.782,3.136
1777,1,3.68,4.764
1777,2,1.763,5.55
1777,3,0.301,2.712
1777,4,-1.776,1.759
1777,5,0.296,2.71
1777,6,-0.81,2.174
1777,7,-1.496,1.407
1777,8,-0.586,1.768
1777,9,-0.213,2.954
1777,10,-1.832,3.461
1777,11,-0.221,2.316
1777,12,0.22,3.45
1778,1,0.771,3.852
1778,2,2.848,4.186
1778,3,-0.67,4.523
1778,4,2.843,2.608
1778,5,0.22,2.319
1778,6,-1.49,3.678
1778,7,1.285,1.866
1778,8,-0.521,2.357
1778,9,1.613,2.28
1778,10,-0.91,3.325
1778,11,-1.87,3.202
1778,12,-1.317,2.753
1779,1,-1.384,3.162
1779,2,1.897,5.23
1779,3,1.679,2.784
1779,4,1.879,2.857
1779,5,3.092,2.588
1779,6,-0.833,2.366
1779,7,-0.555,2.034
1779,8,0.299,1.882
1779,9,0.995,2.383
1779,10,0.732,1.336
1779,11,0.353,2.291
1779,12,-0.437,3.259
1780,1,0.022,3.274
1780,2,0.934,3.858
1780,3,0.343,2.219
1780,4,5.348,1.722
1780,5,3.734,2.742
1780,6,0.872,4.765
1780,7,1.616,3.917
1780,8,-0.562,4.2
1780,9,-2.309,2.207
1780,10,0.619,1.558
1780,11,0.259,2.32
1780,12,-1.155,2.926
1781,1,0.091,3.643
1781,2,-0.985,4.736
1781,3,-0.329,2.113
1781,4,-1.245,1.471
1781,5,-0.053,2.41
1781,6,-1.623,1.427
1781,7,0.007,1.57
1781,8,0.548,1.178
1781,9,-1.576,2.357
1781,10,-0.388,1.348
1781,11,1.71,2.51
1781,12,-0.035,3.639
1782,1,-1.813,2.692
1782,2,-2.176,3.356
1782,3,-2.194,3.637
1782,4,0.319,1.766
1782,5,0.218,1.433
1782,6,0.39,1.371
1782,7,-0.399,1.406
1782,8,1.428,1.105
1782,9,0.427,1.511
1782,10,-0.56,2.884
1782,11,-1.341,2.702
1782,12,-1.424,3.301
1783,1,-3.207,2.858
1783,2,1.546,3.152
1783,3,-0.776,2.11
1783,4,0.122,1.749
1783,5,0.914,3.3
1783,6,1.504,2.491
1783,7,-0.814,1.269
1783,8,-0.057,1.182
1783,9,-2.302,2.44
1783,10,-1.453,2.179
1783,11,-3.298,1.976
1783,12,-0.626,2.449
1784,1,0.159,4.019
1784,2,-1.765,3.912
1784,3,-1.055,2.446
1784,4,-0.177,3.514
1784,5,-1.511,2.333
1784,6,-0.321,1.393
1784,7,0.217,2.834
1784,8,1.159,3.99
1784,9,-1.935,2.468
1784,10,-2.061,1.653
1784,11,-1.723,2.227
1784,12,0.03,3.964
1785,1,-1.128,2.516
1785,2,-1.888,2.463
1785,3,-2.771,4.315
1785,4,-1.727,1.557
1785,5,-1.283,2.065
1785,6,0.468,2.008
1785,7,0.098,1.613
1785,8,0.628,1.751
1785,9,-1.448,1.705
1785,10,-1.025,1.879
1785,11,-0.343,2.549
1785,12,-1.739,1.718
1786,1,-1.625,2.813
1786,2,-0.609,2.33
1786,3,0.533,2.48
1786,4,0.951,2.612
1786,5,0.398,1.893
1786,6,0.002,0.995
1786,7,0.946,1.436
1786,8,0.618,2.499
1786,9,0.153,2.447
1786,10,-0.606,1.841
1786,11,-0.996,4.044
1786,12,-2.418,3.192
1787,1,0.004,3.004
1787,2,-0.576,2.371
1787,3,-0.425,1.709
1787,4,-0.524,1.995
1787,5,0.184,3.415
1787,6,1.012,2.714
1787,7,-0.895,2.677
1787,8,-0.384,1.57
1787,9,-1.669,1.77
1787,10,-1.073,2.404
1787,11,-0.657,2.712
1787,12,-0.696,2.223
1788,1,-2.155,2.954
1788,2,0.622,4.143
1788,3,-0.492,2.873
1788,4,0.141,2.161
1788,5,-0.467,1.24
1788,6,0.505,1.4
1788,7,2.212,2.699
1788,8,0.556,1.975
1788,9,-0.1,1.29
1788,10,0.396,1.358
1788,11,0.549,1.435
1788,12,-2.214,2.238
1789,1,1.169,2.907
1789,2,-0.911,2.647
1789,3,-0.831,1.72
1789,4,-0.481,1.449
1789,5,0.213,2.149
1789,6,0.002,1.294
1789,7,0.987,1.592
1789,8,-0.122,1.129
1789,9,0.021,1.33
1789,10,-1.14,2.01
1789,11,0.669,1.777
1789,12,0.23,1.636
1790,1,0.301,2.124
1790,2,0.073,2.07
1790,3,-0.532,1.579
1790,4,-1.293,1.746
1790,5,-0.671,0.913
1790,6,0.12,1.027
1790,7,-0.598,1.097
1790,8,-0.061,1.106
1790,9,-0.706,1.134
1790,10,-0.388,1.27
1790,11,-0.482,1.608
1790,12,-0.51,3.64
1791,1,-0.3,5.102
1791,2,0.134,1.792
1791,3,-0.37,2.363
1791,4,0.887,1.492
1791,5,-0.964,1.871
1791,6,0.007,1.498
1791,7,-0.523,1.444
1791,8,0.06,1.439
1791,9,-0.265,1.533
1791,10,-0.913,1.347
1791,11,0.292,2.157
1791,12,0.091,1.684
1792,1,-1.842,2.713
1792,2,0.694,2.405
1792,3,-0.54,2.108
1792,4,0.004,1.736
1792,5,0.471,1.544
1792,6,0.699,1.531
1792,7,0.681,1.45
1792,8,-0.945,1.082
1792,9,0.599,1.622
1792,10,-1.034,1.648
1792,11,-0.507,2.492
1792,12,0.342,2.127
1793,1,-0.851,2.659
1793,2,1.798,3.222
1793,3,0.505,2.181
1793,4,0.967,1.888
1793,5,0.149,1.055
1793,6,0.335,1.376
1793,7,0.501,1.908
1793,8,-0.185,1.877
1793,9,-0.236,2.371
1793,10,-0.576,1.999
1793,11,-0.181,3.3
1793,12,-1.018,1.859
1794,1,1.515,2.832
1794,2,0.421,3.747
1794,3,1.325,2.031
1794,4,0.908,1.668
1794,5,1.509,1.66
1794,6,-0.759,1.807
1794,7,-0.893,2.339
1794,8,0.12,2.172
1794,9,0.751,2.004
1794,10,0.196,1.277
1794,11,0.232,2.192
1794,12,0.171,2.119
1795,1,0.978,2.358
1795,2,1.859,3.797
1795,3,1.145,2.324
1795,4,1.518,1.6
1795,5,1.135,2.026
1795,6,-0.347,2.547
1795,7,0.998,1.818
1795,8,0.558,1.956
1795,9,-1.256,1.813
1795,10,-0.811,1.686
1795,11,0.06,2.424
1795,12,0.725,2.313
1796,1,1.303,2.465
1796,2,0.66,2.393
1796,3,-1.716,2.299
1796,4,-0.341,1.647
1796,5,0.266,1.513
1796,6,1.362,1.87
1796,7,0.32,1.888
1796,8,1.114,1.867
1796,9,0.125,1.592
1796,10,-0.092,1.646
1796,11,-0.228,1.593
1796,12,-1.741,2.846
1797,1,2.246,3.981
1797,2,2.658,2.707
1797,3,-0.477,2.628
1797,4,-1.058,2.441
1797,5,-0.243,2.046
1797,6,0.787,1.255
1797,7,-0.076,1.323
1797,8,0.575,0.876
1797,9,0.405,1.287
1797,10,0.114,1.743
1797,11,-0.707,1.665
1797,12,0.121,1.833
1798,1,0.305,1.894
1798,2,0.533,2.182
1798,3,2.022,2.578
1798,4,-0.434,1.37
1798,5,0.247,1.94
1798,6,0.036,0.923
1798,7,0.587,1.208
1798,8,1.041,1.328
1798,9,-0.561,1.396
1798,10,-0.409,1.788
1798,11,-0.039,2.169
1798,12,-1.46,1.706
1799,1,-0.369,1.958
1799,2,-1.168,2.271
1799,3,-1.83,1.564
1799,4,0.362,1.524
1799,5,0.013,0.933
1799,6,-0.048,1.784
1799,7,0.017,1.39
1799,8,-0.16,1.036
1799,9,0.017,1.254
1799,10,0.2,1.022
1799,11,0.011,1.914
1799,12,-0.802,2.709
1800,1,-0.13,2.154
1800,2,-0.263,2.128
1800,3,-0.456,1.732
1800,4,0.567,1.394
1800,5,-0.266,1.386
1800,6,0.035,1.477
1800,7,-0.629,1.017
1800,8,-0.142,1.005
1800,9,-0.891,1.389
1800,10,0.23,1.269
1800,11,-0.309,2.076
1800,12,-0.121,1.628
1801,1,0.587,1.921
1801,2,0.825,2.228
1801,3,1.255,1.632
1801,4,-1.064,1.112
1801,5,0.468,1.51
1801,6,-0.617,1.189
1801,7,-0.048,1.328
1801,8,-0.87,0.983
1801,9,-0.287,1.272
1801,10,0.97,2.168
1801,11,-0.528,1.26
1801,12,0.705,1.698
1802,1,1.355,1.961
1802,2,0.628,2.095
1802,3,0.378,2.341
1802,4,0.042,2.99
1802,5,-0.781,1.122
1802,6,0.144,1.262
1802,7,-0.205,1.287
1802,8,-0.352,0.882
1802,9,0.061,1.493
1802,10,0.118,1.252
1802,11,-0.899,1.351
1802,12,-0.584,1.767
1803,1,-1.582,1.809
1803,2,-1.251,2.254
1803,3,-0.078,2.854
1803,4,0.896,1.389
1803,5,0.082,1.105
1803,6,0.234,0.754
1803,7,0.291,0.788
1803,8,0.904,0.804
1803,9,0.276,0.771
1803,10,0.698,3.341
1803,11,-0.255,1.623
1803,12,-0.897,1.791
1804,1,-0.099,3.182
1804,2,-1.184,2.536
1804,3,-0.943,1.964
1804,4,1.276,2.098
1804,5,0.802,1.216
1804,6,0.186,1.327
1804,7,1.249,1.489
1804,8,0.471,1.598
1804,9,0.449,1.41
1804,10,0.06,1.31
1804,11,0.86,2.312
1804,12,-1.035,2.107
1805,1,0.408,2.159
1805,2,-0.461,1.992
1805,3,0.516,1.562
1805,4,-0.155,1.478
1805,5,-0.085,1.021
1805,6,0.585,1.517
1805,7,0.244,1.27
1805,8,1.292,1.242
1805,9,-0.002,1.756
1805,10,-1.504,1.663
1805,11,-1.659,1.922
1805,12,0.61,1.756
1806,1,0.405,2.082
1806,2,-0.213,2.299
1806,3,-0.606,1.548
1806,4,-0.382,1.711
1806,5,0.279,1.501
1806,6,-1.098,1.296
1806,7,-0.49,1.105
1806,8,0.636,1.125
1806,9,0.463,1.829
1806,10,-0.825,1.223
1806,11,-0.906,1.8
1806,12,0.421,1.861
1807,1,-1.565,2.408
1807,2,0.151,2.142
1807,3,-0.66,2.507
1807,4,-1.406,1.546
1807,5,-1.955,1.133
1807,6,-0.155,0.815
1807,7,-0.208,1.386
1807,8,-0.378,2.04
1807,9,0.592,1.225
1807,10,-0.181,1.14
1807,11,0.127,2.047
1807,12,0.88,1.155
1808,1,-1.451,3.642
1808,2,-1.064,1.84
1808,3,-1.082,1.534
1808,4,-0.948,1.18
1808,5,-1.947,2.769
1808,6,-0.245,1.897
1808,7,0.094,1.695
1808,8,-0.71,1.107
1808,9,0.811,1.865
1808,10,-1.248,2.163
1808,11,-1.485,1.806
1808,12,-2.593,2.061
1809,1,-2.238,2.19
1809,2,-2.209,3.243
1809,3,-1.907,1.392
1809,4,-0.573,1.866
1809,5,-1.751,1.127
1809,6,-0.488,1.368
1809,7,-1.649,1.088
1809,8,-0.733,1.351
1809,9,-0.941,1.146
1809,10,-0.517,3.151
1809,11,-2.732,2.309
1809,12,-1.451,2.179
1810,1,-1.487,2.132
1810,2,-0.591,2.36
1810,3,-0.416,1.945
1810,4,-1.719,1.602
1810,5,-2.05,1.774
1810,6,-1.558,1.234
1810,7,-1.549,1.598
1810,8,-1.567,1.021
1810,9,-2.251,0.947
1810,10,-2.191,1.548
1810,11,-1.865,2.525
1810,12,-0.77,1.946
1811,1,-1.315,2.021
1811,2,-2.48,1.826
1811,3,-1.358,1.954
1811,4,-1.686,1.366
1811,5,-1.199,1.547
1811,6,-1.051,1.52
1811,7,-2.136,1.655
1811,8,-0.44,0.799
1811,9,-1.586,1.427
1811,10,-2.125,3.26
1811,11,-2.237,1.461
1811,12,0.148,1.624
1812,1,-1.363,4.542
1812,2,-2.933,2.854
1812,3,-3.009,2.187
1812,4,-1.428,2.618
1812,5,-1.743,1.067
1812,6,-1.625,1.216
1812,7,-0.09,1.592
1812,8,1.323,1.086
1812,9,-1.815,2.723
1812,10,-1.462,1.169
1812,11,-1.513,2.01
1812,12,-2.054,2.29
1813,1,-3.595,2.214
1813,2,-0.98,1.714
1813,3,-3.69,1.539
1813,4,-0.069,1.466
1813,5,0.134,2.69
1813,6,-0.465,1.021
1813,7,-0.079,0.783
1813,8,-0.791,0.913
1813,9,0.282,1.869
1813,10,-0.613,1.274
1813,11,0.797,1.894
1813,12,-1.256,1.533
1814,1,-0.69,2.28
1814,2,-1.44,2.396
1814,3,-2.664,2.479
1814,4,-1.218,1.527
1814,5,-1.974,3.127
1814,6,-0.769,1.042
1814,7,-1.849,3.524
1814,8,-0.985,1.901
1814,9,-1.36,1.098
1814,10,-1.685,1.513
1814,11,0.737,2.954
1814,12,2.582,2.71
1815,1,-0.562,1.891
1815,2,-0.903,2.682
1815,3,-1.569,2.604
1815,4,-1.7,1.709
1815,5,-1.403,2.059
1815,6,-2.412,1.19
1815,7,-0.081,1.393
1815,8,-0.556,1.489
1815,9,-0.81,1.347
1815,10,-1.921,2.577
1815,11,-2.024,1.524
1815,12,-2.309,2.388
1816,1,0.195,3.119
1816,2,-2.797,2.762
1816,3,-1.306,1.31
1816,4,-0.579,1.33
1816,5,-0.711,1.866
1816,6,-1.867,1.531
1816,7,-2.178,1.791
1816,8,-1.202,0.913
1816,9,-1.564,1.029
1816,10,-3.508,3.863
1816,11,-1.833,3.037
1816,12,-2.255,2.372
1817,1,-0.736,2.008
1817,2,0.607,4.35
1817,3,-0.582,1.686
1817,4,-0.071,1.103
1817,5,-1.755,1.388
1817,6,-2.441,1.234
1817,7,-2.252,2.621
1817,8,-0.498,0.994
1817,9,-3.286,2.141
1817,10,-2.946,1.881
1817,11,-1.18,1.313
1817,12,-3.035,2.939
1818,1,-1.15,1.818
1818,2,-2.219,1.791
1818,3,0.288,2.092
1818,4,1.525,3.924
1818,5,-0.183,2.661
1818,6,0.203,2.825
1818,7,-0.842,1.413
1818,8,-0.553,0.929
1818,9,-1.43,1.31
1818,10,-2.599,1.751
1818,11,-0.842,2.521
1818,12,-0.808,1.705
1819,1,-1.194,2.142
1819,2,-0.849,1.746
1819,3,-2.253,4.131
1819,4,-1.21,1.242
1819,5,-1.126,1.853
1819,6,-0.948,1.826
1819,7,-1.322,1.17
1819,8,-1.257,1.24
1819,9,-1.015,1.166
1819,10,-0.479,0.884
1819,11,-0.902,1.503
1819,12,-1.12,1.547
1820,1,-1.73,2.077
1820,2,-0.654,2.142
1820,3,-0.553,1.35
1820,4,0.649,1.161
1820,5,0.634,1.167
1820,6,-0.184,1.104
1820,7,-0.735,0.969
1820,8,-1.607,0.885
1820,9,-0.776,1.515
1820,10,-1.611,1.224
1820,11,-1.46,1.051
1820,12,-1.785,1.54
1821,1,0.436,1.754
1821,2,0.617,2.459
1821,3,-0.055,1.42
1821,4,-0.482,0.99
1821,5,-0.005,1.171
1821,6,-1.015,1.521
1821,7,-1.366,1.066
1821,8,-0.833,0.741
1821,9,-2.023,0.894
1821,10,-0.862,0.915
1821,11,-0.556,1.673
1821,12,-0.935,1.161
1822,1,0.097,2.137
1822,2,0.998,1.883
1822,3,2.213,2.01
1822,4,-0.279,1.734
1822,5,-0.827,1.085
1822,6,-0.398,0.745
1822,7,-0.399,0.886
1822,8,-0.745,0.88
1822,9,-1.397,1.405
1822,10,-1.452,1.311
1822,11,-1.556,1.176
1822,12,-2.583,1.398
1823,1,-0.942,1.608
1823,2,-1.079,1.392
1823,3,-0.415,1.469
1823,4,-0.836,1.351
1823,5,-0.831,1.089
1823,6,0.157,0.779
1823,7,-0.234,0.821
1823,8,-0.852,0.793
1823,9,-1.623,1.197
1823,10,-1.614,1.054
1823,11,-1.617,1.441
1823,12,-1.18,1.711
1824,1,0.221,1.596
1824,2,-0.47,1.808
1824,3,-0.002,1.149
1824,4,0.097,0.988
1824,5,-0.078,1.051
1824,6,-0.185,1.474
1824,7,0.424,1.237
1824,8,-0.463,0.869
1824,9,-0.582,1.133
1824,10,-1.128,1.118
1824,11,-0.452,1.41
1824,12,1.42,2.072
1825,1,0.346,1.984
1825,2,-0.397,1.429
1825,3,-0.148,1.438
1825,4,0.857,1.347
1825,5,-0.333,1.097
1825,6,0.09,0.791
1825,7,-0.821,1.048
1825,8,-0.78,1.215
1825,9,-1.188,0.796
1825,10,-1.04,1.183
1825,11,0.156,2.091
1825,12,-0.288,1.174
1826,1,-0.531,1.615
1826,2,-1.598,1.594
1826,3,-0.431,1.712
1826,4,0.126,1.251
1826,5,0.624,0.962
1826,6,-0.258,1.041
1826,7,0.206,0.609
1826,8,-0.691,0.918
1826,9,-0.908,0.763
1826,10,-0.538,1.199
1826,11,0.872,0.85
1826,12,1.583,1.42
1827,1,1.266,2.067
1827,2,0.645,1.541
1827,3,0.701,1.532
1827,4,1.343,1.393
1827,5,0.503,1.154
1827,6,0.013,1.075
1827,7,0.253,0.609
1827,8,-0.188,1.074
1827,9,-0.889,1.034
1827,10,-0.64,0.907
1827,11,0.263,1.231
1827,12,-0.483,1.329
1828,1,-1.73,1.705
1828,2,-1.172,1.648
1828,3,0.391,1.35
1828,4,0.497,1.339
1828,5,0.058,1.266
1828,6,0.333,0.983
1828,7,0.043,1.056
1828,8,-0.355,0.727
1828,9,-2.032,0.768
1828,10,-0.509,0.888
1828,11,-0.222,1.069
1828,12,-0.815,1.903
1829,1,-0.598,1.47
1829,2,-1.512,1.679
1829,3,-0.412,1.354
1829,4,-0.597,1.235
1829,5,-0.037,1.255
1829,6,-0.769,1.003
1829,7,-0.228,1.039
1829,8,-0.652,0.888
1829,9,-1.462,0.664
1829,10,-0.611,0.98
1829,11,-0.939,1.339
1829,12,-0.908,1.781
1830,1,0.604,2.224
1830,2,1.005,1.749
1830,3,-0.747,1.31
1830,4,0.449,0.993
1830,5,-1.046,0.928
1830,6,-0.725,1.093
1830,7,0.289,1.132
1830,8,-0.58,1.032
1830,9,-1.632,1.015
1830,10,-1.181,1.124
1830,11,1.457,1.207
1830,12,0.96,1.437
1831,1,-0.272,1.835
1831,2,-0.733,3.012
1831,3,-0.744,1.617
1831,4,-0.585,1.036
1831,5,-0.351,1.192
1831,6,-0.455,1.337
1831,7,-0.831,0.746
1831,8,-1.682,0.944
1831,9,-2.041,1.057
1831,10,-1.422,1.165
1831,11,-1.482,1.795
1831,12,-1.384,1.514
1832,1,-0.635,1.8
1832,2,-1.273,1.518
1832,3,-0.698,1.474
1832,4,-0.338,0.876
1832,5,-0.798,1.157
1832,6,-0.965,0.687
1832,7,-0.968,1.391
1832,8,-1.74,1.148
1832,9,-1.774,0.872
1832,10,-0.647,0.745
1832,11,-1.7,1.202
1832,12,-2.332,1.745
1833,1,-0.281,1.535
1833,2,-0.403,1.394
1833,3,-1.119,1.617
1833,4,-0.541,0.955
1833,5,-0.607,0.773
1833,6,-0.503,0.805
1833,7,-0.872,0.982
1833,8,-0.858,0.767
1833,9,-0.917,0.927
1833,10,-1.211,0.73
1833,11,0.758,1.329
1833,12,-0.222,1.562
1834,1,-2.187,1.791
1834,2,-0.489,1.302
1834,3,0.403,1.152
1834,4,-0.213,0.979
1834,5,-0.051,0.832
1834,6,-0.741,0.704
1834,7,-0.508,0.613
1834,8,-0.733,0.56
1834,9,-0.707,0.666
1834,10,-0.665,0.872
1834,11,0.609,1.214
1834,12,-0.312,1.098
1835,1,0.499,1.727
1835,2,-0.195,1.57
1835,3,-0.933,1.265
1835,4,-0.623,1.19
1835,5,-1.106,1.286
1835,6,-1.468,1.072
1835,7,-1.634,0.762
1835,8,-1.769,0.618
1835,9,-2.169,0.728
1835,10,-1.282,0.881
1835,11,-1.865,1.594
1835,12,-2.086,1.716
1836,1,-0.531,1.731
1836,2,-0.667,1.44
1836,3,-0.086,1.106
1836,4,-1.268,1.444
1836,5,-1.19,1.174
1836,6,-1.24,0.614
1836,7,-1.147,0.701
1836,8,-1.397,1.02
1836,9,-1.555,0.923
1836,10,-0.556,1.186
1836,11,-2.031,1.337
1836,12,-0.421,1.27
1837,1,-0.239,1.756
1837,2,-0.492,1.767
1837,3,-1.587,1.644
1837,4,-1.987,1.057
1837,5,-1.63,1.556
1837,6,-1.476,0.911
1837,7,-1.419,0.962
1837,8,-1.129,1.03
1837,9,-1.455,0.723
1837,10,-1.639,1.07
1837,11,-1.639,1.179
1837,12,-1.127,1.476
1838,1,-2.93,2.352
1838,2,-1.595,1.469
1838,3,-1.703,1.933
1838,4,-1.076,1.561
1838,5,-1.303,1.126
1838,6,-0.918,0.904
1838,7,-0.322,0.755
1838,8,-0.621,0.991
1838,9,-1.133,1.005
1838,10,-0.694,0.895
1838,11,-0.828,1.248
1838,12,-0.837,1.126
1839,1,-0.179,2.09
1839,2,0.354,1.594
1839,3,-2.693,1.558
1839,4,-0.454,0.926
1839,5,-1.003,0.815
1839,6,-0.818,0.48
1839,7,-0.007,0.574
1839,8,0.065,0.978
1839,9,-1.254,1.314
1839,10,-1.055,1.185
1839,11,-2.015,1.111
1839,12,-2.23,1.625
1840,1,0.227,1.409
1840,2,-1.015,1.38
1840,3,-1.36,1.677
1840,4,-0.546,0.839
1840,5,-0.206,0.771
1840,6,-0.301,0.909
1840,7,0.056,0.57
1840,8,-0.998,0.975
1840,9,-1.201,0.85
1840,10,-1.771,0.808
1840,11,-1.915,0.887
1840,12,-1.535,0.948
1841,1,-1.715,1.738
1841,2,-0.604,1.659
1841,3,-2.138,1.201
1841,4,-1.738,1.181
1841,5,-0.735,0.604
1841,6,-0.696,0.786
1841,7,-0.068,0.498
1841,8,-0.439,0.617
1841,9,-1.384,0.707
1841,10,-0.612,0.913
1841,11,-1.29,0.951
1841,12,-1.047,0.956
1842,1,-0.775,1.727
1842,2,-0.334,1.417
1842,3,0.367,1.022
1842,4,-0.199,0.845
1842,5,-0.903,0.793
1842,6,-1.067,0.668
1842,7,-1.017,0.616
1842,8,-0.828,0.566
1842,9,-1.281,0.79
1842,10,-0.97,0.647
1842,11,-1.208,0.765
1842,12,0.137,0.862
1843,1,0.545,1.183
1843,2,0.792,1.123
1843,3,-0.579,1.059
1843,4,-0.565,0.748
1843,5,-1.395,0.739
1843,6,-1.142,0.616
1843,7,-0.681,0.515
1843,8,-0.81,0.48
1843,9,-0.962,0.782
1843,10,-0.641,0.904
1843,11,-1.148,0.743
1843,12,0.224,0.834
1844,1,-0.572,1.242
1844,2,-1.034,1.228
1844,3,-0.719,1.242
1844,4,-1.059,0.888
1844,5,-1.295,0.749
1844,6,-0.863,0.633
1844,7,-0.74,0.563
1844,8,-1.01,0.557
1844,9,-1.322,0.666
1844,10,-0.638,0.682
1844,11,-1.66,0.808
1844,12,-1.733,1.114
1845,1,0.089,1.607
1845,2,-1.588,1.095
1845,3,-0.835,0.885
1845,4,-0.292,0.733
1845,5,-0.995,0.613
1845,6,-0.783,0.654
1845,7,-0.28,0.605
1845,8,-0.542,0.644
1845,9,-1.039,0.72
1845,10,-1.485,0.976
1845,11,-0.913,0.891
1845,12,-1.856,1.394
1846,1,0.735,1.969
1846,2,0.258,1.502
1846,3,0.907,0.954
1846,4,-0.991,1.402
1846,5,-0.577,0.737
1846,6,-0.128,0.612
1846,7,0.276,0.563
1846,8,-0.04,0.572
1846,9,-0.481,0.607
1846,10,-1.083,1.093
1846,11,-0.931,1.091
1846,12,0.06,1.477
1847,1,0.133,1.568
1847,2,0.338,1.412
1847,3,-1.455,1.423
1847,4,-0.454,0.915
1847,5,-0.882,0.676
1847,6,-0.859,0.828
1847,7,-0.389,0.829
1847,8,-0.696,0.643
1847,9,-0.677,0.768
1847,10,-0.708,0.565
1847,11,-0.568,0.746
1847,12,-1.921,0.99
1848,1,-2.115,1.448
1848,2,0.499,1.377
1848,3,-0.63,1.02
1848,4,-0.335,0.846
1848,5,-0.9,0.882
1848,6,-0.481,0.674
1848,7,-0.174,0.631
1848,8,-0.803,0.595
1848,9,-1.265,0.599
1848,10,-0.674,0.695
1848,11,-0.914,0.753
1848,12,-1.601,0.821
1849,1,-0.662,1.289
1849,2,-0.684,1.264
1849,3,-0.163,0.992
1849,4,-1.328,0.9
1849,5,-1.329,0.618
1849,6,-0.721,0.844
1849,7,-0.176,0.902
1849,8,-0.509,0.595
1849,9,-1.198,0.667
1849,10,-0.479,0.726
1849,11,-0.39,0.977
1849,12,-1.786,1.027
1850,1,-1.946,1.051
1850,2,-0.242,1.181
1850,3,-0.538,1.102
1850,4,-1.318,0.709
1850,5,-1.441,0.585
1850,6,-0.568,0.713
1850,7,-0.123,0.518
1850,8,-0.101,0.619
1850,9,-0.816,0.527
1850,10,-1.305,0.841
1850,11,-1.499,0.999
1850,12,-1.215,0.797
1851,1,-0.19,0.928
1851,2,-0.779,1.033
1851,3,-1.338,0.955
1851,4,-1.204,0.557
1851,5,-0.441,0.874
1851,6,-0.348,0.573
1851,7,-0.008,0.531
1851,8,-0.343,0.6
1851,9,-0.55,0.641
1851,10,-0.27,0.929
1851,11,-1.299,0.59
1851,12,-0.584,1.221
1852,1,-0.361,1.47
1852,2,-0.816,1.014
1852,3,-1.741,1.057
1852,4,-1.019,0.901
1852,5,-0.336,0.883
1852,6,-0.607,0.518
1852,7,-0.163,0.445
1852,8,-0.895,0.441
1852,9,-0.788,0.536
1852,10,-0.466,0.596
1852,11,-1.597,0.637
1852,12,0.079,0.783
1853,1,-0.814,1.239
1853,2,-1.179,1.083
1853,3,-1.383,0.77
1853,4,-0.892,0.605
1853,5,-0.517,0.58
1853,6,-0.338,0.593
1853,7,0.112,0.51
1853,8,-0.09,0.519
1853,9,-0.63,0.464
1853,10,-0.75,0.758
1853,11,-1.443,0.831
1853,12,-0.718,0.63
1854,1,-1.375,1.03
1854,2,-1.334,1.01
1854,3,-0.682,0.86
1854,4,-0.778,0.531
1854,5,-0.445,0.611
1854,6,-0.868,0.68
1854,7,0.071,0.464
1854,8,-0.227,0.57
1854,9,-0.665,0.538
1854,10,0.52,0.686
1854,11,-0.431,0.645
1854,12,-0.093,1.091
1855,1,0.131,1.461
1855,2,-0.196,1.15
1855,3,-0.714,0.884
1855,4,0.197,0.623
1855,5,-0.171,0.886
1855,6,-0.566,0.445
1855,7,-0.679,0.385
1855,8,-0.518,0.448
1855,9,-1.001,0.412
1855,10,-0.8,0.604
1855,11,-0.949,0.629
1855,12,-1.688,1.028
1856,1,0.054,0.971
1856,2,-1.073,1.376
1856,3,-1.052,0.856
1856,4,-0.601,0.605
1856,5,-0.795,0.486
1856,6,-0.071,0.851
1856,7,-0.407,0.573
1856,8,-1.001,0.668
1856,9,-1.333,0.546
1856,10,-1.279,0.531
1856,11,-0.881,0.652
1856,12,-0.299,0.711
1857,1,-0.849,1.172
1857,2,-0.974,0.89
1857,3,-1.072,0.74
1857,4,-1.672,0.544
1857,5,-1.601,0.514
1857,6,-1.017,0.461
1857,7,-0.573,0.435
1857,8,-0.796,0.48
1857,9,-1.151,0.464
1857,10,-1.145,0.554
1857,11,-0.978,0.735
1857,12,-0.181,0.675
1858,1,-0.059,1.061
1858,2,-1.049,0.769
1858,3,-0.591,0.742
1858,4,-0.174,0.503
1858,5,-0.595,0.53
1858,6,-0.351,0.491
1858,7,-0.691,0.569
1858,8,-0.735,0.549
1858,9,-1.116,0.535
1858,10,-0.536,0.562
1858,11,-0.233,0.861
1858,12,-1.262,0.793
1859,1,-0.616,0.888
1859,2,-0.585,0.855
1859,3,-0.377,0.668
1859,4,0.102,0.482
1859,5,0.045,0.614
1859,6,-0.242,0.616
1859,7,-0.493,0.679
1859,8,-0.705,0.431
1859,9,-1.111,0.437
1859,10,-0.381,0.575
1859,11,-0.336,0.495
1859,12,-0.524,1.103
1860,1,-0.774,0.876
1860,2,-0.68,0.791
1860,3,-2.066,0.65
1860,4,-0.634,0.528
1860,5,-0.371,0.796
1860,6,-0.181,0.489
1860,7,-0.106,0.554
1860,8,-0.044,0.623
1860,9,-0.226,0.543
1860,10,-0.594,0.801
1860,11,-1.168,0.666
1860,12,-2.179,0.665
1861,1,-2.262,1.023
1861,2,-1.056,0.835
1861,3,-0.932,0.894
1861,4,-0.901,0.753
1861,5,-0.946,0.487
1861,6,-0.502,0.56
1861,7,-0.349,0.465
1861,8,-0.146,0.463
1861,9,-0.761,0.434
1861,10,-1.04,0.486
1861,11,-0.387,0.575
1861,12,-0.896,1.051
1862,1,-2.102,1.766
1862,2,-1.614,0.807
1862,3,-1.091,0.816
1862,4,-1.251,1.297
1862,5,-0.554,0.574
1862,6,-0.651,0.925
1862,7,-0.419,0.497
1862,8,-0.76,0.431
1862,9,-1.099,0.541
1862,10,-1.082,0.584
1862,11,-1.508,0.784
1862,12,-2.15,0.866
1863,1,0.37,0.983
1863,2,0.118,1.059
1863,3,-0.596,0.8
1863,4,-0.261,0.601
1863,5,-0.205,0.879
1863,6,-0.474,0.492
1863,7,-0.541,0.51
1863,8,-0.64,0.451
1863,9,-1.058,0.55
1863,10,-1.259,0.46
1863,11,-0.784,0.608
1863,12,-1.059,1.414
1864,1,-1.252,0.994
1864,2,-0.685,1.17
1864,3,-0.777,0.68
1864,4,-0.865,0.805
1864,5,-0.303,0.686
1864,6,-0.122,0.659
1864,7,-0.155,0.682
1864,8,-0.476,0.612
1864,9,-0.735,0.411
1864,10,-0.638,0.731
1864,11,-1.046,0.827
1864,12,-1.537,0.601
1865,1,0.211,0.884
1865,2,-1.148,0.788
1865,3,-1.315,0.638
1865,4,-0.992,0.696
1865,5,-0.456,0.458
1865,6,-0.367,0.524
1865,7,-0.109,0.47
1865,8,-0.262,0.562
1865,9,-0.334,0.493
1865,10,-0.137,0.536
1865,11,0.014,0.775
1865,12,-1.003,1.023
1866,1,0.292,1.122
1866,2,-1.042,0.963
1866,3,-0.998,0.87
1866,4,-0.544,0.631
1866,5,-0.508,0.664
1866,6,-0.685,0.498
1866,7,0.257,0.464
1866,8,-0.439,0.439
1866,9,-0.549,0.672
1866,10,-0.773,0.564
1866,11,-0.191,0.555
1866,12,0.372,0.89
1867,1,-0.262,0.963
1867,2,-0.709,0.846
1867,3,-0.876,0.827
1867,4,-0.185,0.503
1867,5,-0.837,0.461
1867,6,-0.179,0.449
1867,7,-0.069,0.456
1867,8,-0.284,0.613
1867,9,-0.327,0.428
1867,10,-0.088,0.632
1867,11,0.771,0.67
1867,12,0.043,0.743
1868,1,-0.855,0.847
1868,2,-1.388,0.759
1868,3,-0.825,0.584
1868,4,-0.243,0.578
1868,5,-0.203,0.604
1868,6,-0.225,0.417
1868,7,0.222,0.485
1868,8,-0.124,0.48
1868,9,-0.637,0.426
1868,10,0.069,0.476
1868,11,-1.018,0.426
1868,12,-0.462,0.704
1869,1,-0.439,0.971
1869,2,0.195,1.123
1869,3,-1.057,0.664
1869,4,-0.444,0.576
1869,5,-0.097,0.416
1869,6,-0.073,0.755
1869,7,0.069,0.431
1869,8,0.05,0.577
1869,9,0.177,0.42
1869,10,-0.354,0.557
1869,11,-0.398,0.465
1869,12,-0.989,0.695
1870,1,-0.743,0.72
1870,2,-1.244,0.645
1870,3,-0.853,0.692
1870,4,-0.523,0.488
1870,5,-0.083,0.496
1870,6,0.236,0.538
1870,7,0.221,0.491
1870,8,-0.424,0.475
1870,9,-0.148,0.368
1870,10,-0.49,0.662
1870,11,-0.557,0.521
1870,12,-1.506,0.558
1871,1,-1.341,0.718
1871,2,-1.629,1.047
1871,3,-0.658,0.572
1871,4,-0.058,0.428
1871,5,-0.577,0.501
1871,6,-0.38,0.368
1871,7,-0.089,0.402
1871,8,-0.027,0.477
1871,9,-0.564,0.443
1871,10,-0.251,0.427
1871,11,-1.281,0.483
1871,12,-0.892,0.614
1872,1,-1.094,1.046
1872,2,-0.996,0.703
1872,3,-0.584,0.812
1872,4,-0.622,0.502
1872,5,-0.272,0.431
1872,6,-0.495,0.374
1872,7,-0.117,0.458
1872,8,-0.097,0.465
1872,9,-0.278,0.402
1872,10,-0.2,0.383
1872,11,-0.985,0.427
1872,12,-1.315,0.754
1873,1,-0.804,0.683
1873,2,-0.199,0.658
1873,3,-0.736,0.611
1873,4,-1.023,0.443
1873,5,-0.414,0.543
1873,6,-0.15,0.356
1873,7,-0.131,0.441
1873,8,-0.159,0.383
1873,9,-0.678,0.487
1873,10,-0.12,0.445
1873,11,-0.435,0.48
1873,12,-0.096,0.57
1874,1,-0.114,0.831
1874,2,-0.251,0.612
1874,3,-1.281,0.495
1874,4,-0.239,0.432
1874,5,-0.129,0.401
1874,6,-0.195,0.407
1874,7,-0.246,0.378
1874,8,-0.113,0.444
1874,9,-0.057,0.421
1874,10,-0.186,0.372
1874,11,-0.525,0.389
1874,12,-0.392,0.49
1875,1,-1.17,0.616
1875,2,-0.925,0.651
1875,3,-1.109,0.457
1875,4,-0.826,0.409
1875,5,-0.609,0.376
1875,6,-0.327,0.507
1875,7,-0.21,0.368
1875,8,-0.575,0.372
1875,9,-0.833,0.351
1875,10,-0.678,0.29
1875,11,-1.559,0.58
1875,12,-0.976,0.425
1876,1,-0.747,0.465
1876,2,-0.633,0.492
1876,3,-0.583,0.379
1876,4,-0.206,0.344
1876,5,-0.689,0.399
1876,6,-0.356,0.347
1876,7,-0.049,0.388
1876,8,-0.443,0.378
1876,9,-0.467,0.331
1876,10,-0.363,0.281
1876,11,-1.018,0.427
1876,12,-1.528,0.402
1877,1,-0.461,0.694
1877,2,-0.413,0.532
1877,3,-0.075,0.395
1877,4,-0.397,0.349
1877,5,-0.261,0.476
1877,6,-0.118,0.326
1877,7,0.269,0.376
1877,8,0.247,0.388
1877,9,-0.003,0.356
1877,10,-0.028,0.355
1877,11,0.086,0.422
1877,12,-0.845,0.49
1878,1,-0.715,0.572
1878,2,0.424,0.505
1878,3,1.23,0.412
1878,4,0.474,0.348
1878,5,-0.315,0.415
1878,6,0.282,0.312
1878,7,0.46,0.347
1878,8,0.264,0.403
1878,9,0.034,0.391
1878,10,-0.028,0.429
1878,11,0.237,0.462
1878,12,-0.347,0.411
1879,1,-0.368,0.51
1879,2,-0.647,0.508
1879,3,-0.414,0.475
1879,4,-0.656,0.354
1879,5,-0.542,0.378
1879,6,-0.223,0.294
1879,7,-0.139,0.337
1879,8,-0.622,0.385
1879,9,-0.719,0.324
1879,10,-0.054,0.375
1879,11,-0.602,0.388
1879,12,-1.146,0.458
1880,1,-0.889,0.547
1880,2,-1.298,0.497
1880,3,-0.877,0.374
1880,4,-0.883,0.391
1880,5,-0.308,0.412
1880,6,-0.286,0.368
1880,7,-0.238,0.439
1880,8,-0.164,0.5
1880,9,-0.747,0.469
1880,10,-0.595,0.373
1880,11,-0.308,0.492
1880,12,-0.521,0.584
1881,1,-0.206,0.461
1881,2,-0.676,0.441
1881,3,-0.379,0.43
1881,4,-0.049,0.403
1881,5,-0.155,0.359
1881,6,-0.767,0.288
1881,7,-0.237,0.368
1881,8,-0.191,0.473
1881,9,-0.415,0.419
1881,10,-0.41,0.306
1881,11,-0.83,0.37
1881,12,-0.423,0.547
1882,1,0.407,0.435
1882,2,-0.036,0.446
1882,3,-0.358,0.32
1882,4,-0.692,0.334
1882,5,-0.476,0.378
1882,6,-0.723,0.288
1882,7,-0.683,0.366
1882,8,-0.255,0.378
1882,9,-0.362,0.322
1882,10,-0.79,0.342
1882,11,-1.08,0.41
1882,12,-1.533,0.394
1883,1,-1.072,0.478
1883,2,-1.318,0.481
1883,3,-0.371,0.33
1883,4,-0.658,0.469
1883,5,-0.547,0.357
1883,6,-0.173,0.322
1883,7,-0.39,0.336
1883,8,-0.658,0.434
1883,9,-0.772,0.385
1883,10,-0.277,0.332
1883,11,-1.14,0.376
1883,12,-0.384,0.445
1884,1,-0.434,0.499
1884,2,-0.673,0.44
1884,3,-1.433,0.389
1884,4,-1.166,0.4
1884,5,-1.155,0.375
1884,6,-0.906,0.335
1884,7,-0.764,0.382
1884,8,-0.626,0.508
1884,9,-0.808,0.393
1884,10,-0.743,0.293
1884,11,-0.903,0.377
1884,12,-0.516,0.477
1885,1,-1.509,0.682
1885,2,-0.991,0.691
1885,3,-0.661,0.483
1885,4,-0.908,0.651
1885,5,-0.791,0.391
1885,6,-0.776,0.42
1885,7,-0.388,0.465
1885,8,-0.557,0.4
1885,9,-0.655,0.382
1885,10,-0.485,0.31
1885,11,-0.74,0.363
1885,12,0.015,0.581
1886,1,-1.134,0.433
1886,2,-1.46,0.34
1886,3,-1.176,0.556
1886,4,-0.477,0.5
1886,5,-0.613,0.42
1886,6,-0.71,0.354
1886,7,-0.166,0.408
1886,8,-0.574,0.374
1886,9,-0.505,0.297
1886,10,-0.696,0.4
1886,11,-0.865,0.45
1886,12,-0.089,0.593
1887,1,-1.732,0.519
1887,2,-1.135,0.366
1887,3,-0.789,0.406
1887,4,-0.562,0.359
1887,5,-0.539,0.342
1887,6,-0.652,0.299
1887,7,-0.344,0.344
1887,8,-0.803,0.37
1887,9,-0.406,0.39
1887,10,-0.558,0.245
1887,11,-0.578,0.377
1887,12,-0.79,0.401
1888,1,-0.801,0.478
1888,2,-1.181,0.422
1888,3,-1.004,0.352
1888,4,-0.566,0.371
1888,5,-0.695,0.37
1888,6,-0.603,0.34
1888,7,-0.147,0.326
1888,8,-0.37,0.423
1888,9,-0.432,0.428
1888,10,-0.077,0.312
1888,11,-0.328,0.407
1888,12,-0.453,0.428
1889,1,-0.799,0.379
1889,2,0.236,0.359
1889,3,-0.017,0.313
1889,4,0.227,0.314
1889,5,-0.147,0.357
1889,6,-0.197,0.262
1889,7,-0.14,0.389
1889,8,-0.412,0.375
1889,9,-0.555,0.317
1889,10,-0.471,0.254
1889,11,-1.144,0.383
1889,12,-0.585,0.304
1890,1,-0.818,0.428
1890,2,-0.727,0.33
1890,3,-1.121,0.321
1890,4,-0.605,0.348
1890,5,-0.91,0.31
1890,6,-0.641,0.304
1890,7,-0.349,0.371
1890,8,-0.622,0.354
1890,9,-0.574,0.318
1890,10,-0.096,0.255
1890,11,-1.076,0.259
1890,12,-0.71,0.36
1891,1,-0.944,0.329
1891,2,-1.344,0.345
1891,3,-0.547,0.321
1891,4,-0.734,0.281
1891,5,-0.541,0.319
1891,6,-0.634,0.26
1891,7,-0.48,0.37
1891,8,-0.438,0.362
1891,9,-0.377,0.292
1891,10,-0.569,0.279
1891,11,-1.043,0.3
1891,12,-0.05,0.357
1892,1,-0.61,0.365
1892,2,-0.46,0.363
1892,3,-0.999,0.324
1892,4,-0.778,0.363
1892,5,-0.687,0.33
1892,6,-0.216,0.294
1892,7,-0.499,0.336
1892,8,-0.464,0.359
1892,9,-0.358,0.306
1892,10,0.001,0.22
1892,11,-1.201,0.378
1892,12,-0.759,0.494
1893,1,-2.083,0.31
1893,2,-1.566,0.3
1893,3,-0.395,0.306
1893,4,-0.335,0.265
1893,5,-0.602,0.321
1893,6,-0.442,0.371
1893,7,-0.05,0.33
1893,8,-0.406,0.383
1893,9,-0.346,0.292
1893,10,-0.142,0.286
1893,11,-0.292,0.254
1893,12,-0.602,0.297
1894,1,-0.933,0.378
1894,2,-0.365,0.328
1894,3,-0.28,0.366
1894,4,-0.689,0.258
1894,5,-0.393,0.299
1894,6,-0.609,0.298
1894,7,-0.329,0.325
1894,8,-0.401,0.389
1894,9,-0.521,0.255
1894,10,-0.142,0.223
1894,11,-0.686,0.238
1894,12,-0.526,0.297
1895,1,-1.292,0.357
1895,2,-1.192,0.407
1895,3,-0.665,0.286
1895,4,-0.16,0.427
1895,5,-0.46,0.332
1895,6,-0.405,0.314
1895,7,-0.268,0.326
1895,8,-0.367,0.34
1895,9,-0.35,0.302
1895,10,-0.145,0.217
1895,11,-0.349,0.35
1895,12,-0.208,0.316
1896,1,-0.336,0.331
1896,2,-0.549,0.355
1896,3,-1.073,0.332
1896,4,-1.018,0.419
1896,5,-0.452,0.314
1896,6,-0.218,0.311
1896,7,-0.155,0.329
1896,8,-0.27,0.378
1896,9,-0.28,0.344
1896,10,0.152,0.247
1896,11,-0.742,0.284
1896,12,-0.352,0.346
1897,1,-0.662,0.444
1897,2,-0.763,0.287
1897,3,-0.982,0.342
1897,4,-0.069,0.311
1897,5,0.037,0.34
1897,6,-0.193,0.274
1897,7,-0.13,0.416
1897,8,-0.257,0.385
1897,9,-0.218,0.36
1897,10,-0.043,0.291
1897,11,-0.456,0.301
1897,12,-0.451,0.273
1898,1,0.148,0.466
1898,2,-0.869,0.315
1898,3,-1.551,0.275
1898,4,-0.446,0.379
1898,5,-0.541,0.309
1898,6,-0.071,0.264
1898,7,-0.243,0.312
1898,8,-0.301,0.362
1898,9,-0.325,0.265
1898,10,-0.425,0.232
1898,11,-0.62,0.301
1898,12,-0.22,0.301
1899,1,-0.068,0.3
1899,2,-0.872,0.343
1899,3,-0.727,0.274
1899,4,-0.071,0.316
1899,5,-0.326,0.355
1899,6,-0.603,0.272
1899,7,-0.194,0.336
1899,8,-0.104,0.353
1899,9,0.018,0.254
1899,10,0.129,0.229
1899,11,0.491,0.313
1899,12,-0.629,0.339
1900,1,-1.101,0.391
1900,2,-0.102,0.279
1900,3,0.167,0.234
1900,4,-0.111,0.29
1900,5,0.087,0.335
1900,6,-0.149,0.282
1900,7,-0.186,0.363
1900,8,-0.06,0.355
1900,9,-0.143,0.269
1900,10,0.401,0.213
1900,11,-0.341,0.236
1900,12,-0.016,0.326
1901,1,-0.471,0.287
1901,2,-0.082,0.289
1901,3,0.287,0.234
1901,4,0.162,0.327
1901,5,-0.186,0.362
1901,6,-0.079,0.254
1901,7,-0.035,0.384
1901,8,-0.072,0.412
1901,9,-0.127,0.31
1901,10,-0.237,0.286
1901,11,-0.175,0.326
1901,12,-0.289,0.217
1902,1,0.019,0.279
1902,2,0.352,0.229
1902,3,-0.465,0.257
1902,4,-0.367,0.279
1902,5,-0.427,0.336
1902,6,-0.269,0.303
1902,7,-0.166,0.334
1902,8,-0.297,0.392
1902,9,-0.308,0.28
1902,10,-0.429,0.226
1902,11,-0.863,0.239
1902,12,-0.968,0.273
1903,1,-0.142,0.242
1903,2,0.283,0.264
1903,3,-0.355,0.268
1903,4,-0.453,0.296
1903,5,-0.535,0.29
1903,6,-0.621,0.266
1903,7,-0.4,0.316
1903,8,-0.481,0.346
1903,9,-0.609,0.304
1903,10,-0.429,0.239
1903,11,-0.58,0.247
1903,12,-0.75,0.204
1904,1,-0.935,0.25
1904,2,-0.926,0.25
1904,3,-0.79,0.208
1904,4,-0.66,0.258
1904,5,-0.489,0.303
1904,6,-0.51,0.284
1904,7,-0.568,0.329
1904,8,-0.462,0.358
1904,9,-0.726,0.268
1904,10,-0.472,0.217
1904,11,0.078,0.24
1904,12,-0.342,0.2
1905,1,-0.329,0.226
1905,2,-1.268,0.293
1905,3,-0.624,0.297
1905,4,-0.555,0.271
1905,5,-0.342,0.319
1905,6,-0.357,0.284
1905,7,-0.294,0.346
1905,8,-0.289,0.351
1905,9,-0.311,0.269
1905,10,-0.248,0.25
1905,11,0.052,0.235
1905,12,-0.272,0.221
1906,1,-0.537,0.228
1906,2,-0.874,0.285
1906,3,-0.391,0.255
1906,4,0.31,0.291
1906,5,-0.082,0.304
1906,6,-0.165,0.284
1906,7,-0.252,0.327
1906,8,-0.196,0.349
1906,9,-0.343,0.258
1906,10,-0.003,0.195
1906,11,-0.61,0.314
1906,12,0.067,0.273
1907,1,-0.819,0.236
1907,2,-1.115,0.265
1907,3,-0.724,0.237
1907,4,-0.736,0.267
1907,5,-0.967,0.297
1907,6,-0.788,0.27
1907,7,-0.602,0.335
1907,8,-0.52,0.345
1907,9,-0.413,0.263
1907,10,-0.025,0.214
1907,11,-0.879,0.234
1907,12,-0.676,0.236
1908,1,-0.335,0.206
1908,2,-0.403,0.339
1908,3,-1.136,0.273
1908,4,-0.48,0.281
1908,5,-0.203,0.315
1908,6,-0.241,0.247
1908,7,-0.194,0.317
1908,8,-0.502,0.325
1908,9,-0.131,0.247
1908,10,-0.382,0.209
1908,11,-0.851,0.21
1908,12,-0.592,0.228
1909,1,-1.209,0.243
1909,2,-0.519,0.249
1909,3,-0.686,0.218
1909,4,-0.724,0.263
1909,5,-0.699,0.295
1909,6,-0.526,0.243
1909,7,-0.312,0.301
1909,8,-0.117,0.323
1909,9,-0.204,0.25
1909,10,-0.078,0.199
1909,11,0.107,0.219
1909,12,-0.439,0.223
1910,1,-0.302,0.206
1910,2,-0.433,0.231
1910,3,-0.67,0.223
1910,4,-0.224,0.264
1910,5,-0.322,0.296
1910,6,-0.365,0.251
1910,7,-0.109,0.334
1910,8,-0.171,0.336
1910,9,-0.354,0.289
1910,10,-0.24,0.206
1910,11,-0.802,0.308
1910,12,-1.002,0.26
1911,1,-1.007,0.238
1911,2,-0.785,0.249
1911,3,-0.937,0.207
1911,4,-0.338,0.248
1911,5,-0.486,0.315
1911,6,-0.455,0.265
1911,7,-0.311,0.325
1911,8,-0.381,0.334
1911,9,-0.449,0.25
1911,10,-0.009,0.21
1911,11,-0.171,0.206
1911,12,-0.277,0.221
1912,1,-0.259,0.233
1912,2,0.079,0.318
1912,3,-0.954,0.237
1912,4,-0.078,0.251
1912,5,-0.102,0.287
1912,6,-0.047,0.241
1912,7,-0.636,0.341
1912,8,-0.79,0.352
1912,9,-0.908,0.26
1912,10,-0.927,0.219
1912,11,-0.609,0.216
1912,12,-0.631,0.216
1913,1,-0.569,0.225
1913,2,-0.841,0.304
1913,3,-0.779,0.246
1913,4,-0.293,0.255
1913,5,-0.591,0.301
1913,6,-0.477,0.247
1913,7,-0.195,0.352
1913,8,-0.145,0.344
1913,9,-0.32,0.268
1913,10,-0.185,0.205
1913,11,-0.095,0.232
1913,12,0.442,0.247
1914,1,0.722,0.222
1914,2,-0.026,0.221
1914,3,-0.334,0.24
1914,4,-0.211,0.237
1914,5,-0.041,0.303
1914,6,0.007,0.283
1914,7,-0.059,0.375
1914,8,-0.172,0.343
1914,9,-0.183,0.261
1914,10,0.174,0.22
1914,11,-0.301,0.206
1914,12,-0.048,0.253
1915,1,-0.311,0.217
1915,2,0.067,0.26
1915,3,-0.131,0.223
1915,4,0.41,0.239
1915,5,0.159,0.295
1915,6,-0.205,0.259
1915,7,0.002,0.323
1915,8,-0.154,0.359
1915,9,-0.253,0.247
1915,10,-0.273,0.187
1915,11,0.103,0.217
1915,12,-0.082,0.217
1916,1,-0.042,0.263
1916,2,-0.245,0.237
1916,3,-0.448,0.216
1916,4,-0.244,0.294
1916,5,-0.357,0.288
1916,6,-0.564,0.236
1916,7,-0.341,0.307
1916,8,-0.316,0.331
1916,9,-0.4,0.244
1916,10,-0.222,0.182
1916,11,-0.498,0.204
1916,12,-1.301,0.222
1917,1,-0.5,0.284
1917,2,-0.86,0.289
1917,3,-0.854,0.205
1917,4,-0.483,0.262
1917,5,-0.909,0.288
1917,6,-0.629,0.232
1917,7,-0.105,0.316
1917,8,-0.412,0.337
1917,9,-0.378,0.264
1917,10,-0.71,0.211
1917,11,-0.292,0.201
1917,12,-1.366,0.238
1918,1,-0.704,0.24
1918,2,-0.742,0.246
1918,3,-0.49,0.221
1918,4,-0.666,0.251
1918,5,-0.82,0.291
1918,6,-0.583,0.256
1918,7,-0.405,0.346
1918,8,-0.5,0.343
1918,9,-0.232,0.255
1918,10,0.179,0.18
1918,11,-0.403,0.189
1918,12,-0.804,0.194
1919,1,-0.416,0.268
1919,2,-0.353,0.226
1919,3,-0.57,0.206
1919,4,0.157,0.23
1919,5,-0.383,0.285
1919,6,-0.267,0.24
1919,7,-0.117,0.316
1919,8,-0.089,0.328
1919,9,-0.14,0.244
1919,10,0.081,0.204
1919,11,-0.62,0.195
1919,12,-0.438,0.221
1920,1,0.24,0.228
1920,2,-0.493,0.234
1920,3,-0.074,0.235
1920,4,-0.039,0.253
1920,5,-0.213,0.29
1920,6,-0.399,0.269
1920,7,-0.141,0.323
1920,8,-0.242,0.331
1920,9,-0.319,0.245
1920,10,-0.247,0.182
1920,11,-0.551,0.203
1920,12,-1.003,0.218
1921,1,0.348,0.214
1921,2,-0.084,0.236
1921,3,-0.258,0.195
1921,4,-0.004,0.244
1921,5,-0.117,0.289
1921,6,-0.05,0.241
1921,7,0.038,0.305
1921,8,-0.367,0.329
1921,9,-0.258,0.24
1921,10,0.007,0.203
1921,11,-0.247,0.191
1921,12,0.026,0.259
1922,1,-0.494,0.242
1922,2,-0.869,0.3
1922,3,-0.155,0.205
1922,4,0.06,0.236
1922,5,-0.245,0.287
1922,6,-0.16,0.235
1922,7,-0.13,0.3
1922,8,-0.371,0.328
1922,9,-0.375,0.241
1922,10,-0.251,0.213
1922,11,-0.089,0.187
1922,12,-0.015,0.209
1923,1,-0.111,0.217
1923,2,-0.673,0.214
1923,3,-0.443,0.225
1923,4,-0.586,0.237
1923,5,-0.493,0.294
1923,6,-0.23,0.254
1923,7,-0.45,0.308
1923,8,-0.324,0.33
1923,9,-0.251,0.257
1923,10,0.228,0.191
1923,11,0.229,0.2
1923,12,0.208,0.224
1924,1,-0.313,0.237
1924,2,-0.324,0.227
1924,3,0.025,0.192
1924,4,-0.374,0.245
1924,5,-0.165,0.311
1924,6,-0.188,0.249
1924,7,-0.129,0.306
1924,8,-0.295,0.324
1924,9,-0.184,0.241
1924,10,-0.066,0.182
1924,11,0.248,0.228
1924,12,-0.201,0.235
1925,1,-0.368,0.224
1925,2,-0.558,0.25
1925,3,-0.275,0.201
1925,4,0.07,0.25
1925,5,-0.314,0.306
1925,6,-0.424,0.25
1925,7,-0.318,0.304
1925,8,-0.155,0.336
1925,9,-0.146,0.258
1925,10,-0.069,0.182
1925,11,0.221,0.183
1925,12,0.677,0.198
1926,1,0.805,0.226
1926,2,0.468,0.206
1926,3,0.475,0.202
1926,4,-0.142,0.239
1926,5,-0.434,0.28
1926,6,-0.271,0.261
1926,7,-0.239,0.317
1926,8,-0.055,0.324
1926,9,-0.054,0.248
1926,10,0.276,0.201
1926,11,0.129,0.191
1926,12,-0.365,0.234
1927,1,-0.31,0.221
1927,2,-0.24,0.251
1927,3,-0.71,0.252
1927,4,-0.313,0.26
1927,5,-0.209,0.286
1927,6,-0.267,0.24
1927,7,-0.123,0.3
1927,8,-0.237,0.332
1927,9,0.109,0.249
1927,10,0.603,0.19
1927,11,0.161,0.193
1927,12,-0.481,0.197
1928,1,0.347,0.207
1928,2,0.073,0.225
1928,3,-0.358,0.206
1928,4,-0.104,0.237
1928,5,-0.208,0.284
1928,6,-0.443,0.233
1928,7,-0.127,0.296
1928,8,-0.242,0.324
1928,9,-0.1,0.237
1928,10,0.185,0.185
1928,11,0.174,0.205
1928,12,0.158,0.222
1929,1,-0.614,0.221
1929,2,-1.108,0.214
1929,3,-0.251,0.197
1929,4,-0.288,0.25
1929,5,-0.465,0.299
1929,6,-0.614,0.231
1929,7,-0.474,0.3
1929,8,-0.275,0.319
1929,9,-0.305,0.259
1929,10,0.172,0.193
1929,11,0.024,0.243
1929,12,-1.136,0.221
1930,1,-0.304,0.244
1930,2,-0.146,0.225
1930,3,0.149,0.218
1930,4,-0.203,0.235
1930,5,-0.307,0.285
1930,6,-0.23,0.234
1930,7,0.022,0.301
1930,8,-0.047,0.322
1930,9,-0.263,0.243
1930,10,-0.037,0.184
1930,11,0.376,0.225
1930,12,0.078,0.22
1931,1,0.038,0.239
1931,2,-0.541,0.228
1931,3,-0.122,0.204
1931,4,-0.229,0.243
1931,5,-0.389,0.28
1931,6,0.007,0.228
1931,7,0.148,0.303
1931,8,0.164,0.322
1931,9,0.153,0.253
1931,10,0.645,0.182
1931,11,0.101,0.182
1931,12,0.331,0.187
1932,1,0.936,0.191
1932,2,-0.296,0.201
1932,3,-0.429,0.189
1932,4,0.369,0.251
1932,5,-0.17,0.285
1932,6,-0.184,0.244
1932,7,-0.053,0.302
1932,8,-0.186,0.323
1932,9,0.157,0.243
1932,10,0.368,0.176
1932,11,-0.291,0.186
1932,12,-0.183,0.195
1933,1,-0.504,0.187
1933,2,-0.617,0.21
1933,3,-0.517,0.216
1933,4,-0.279,0.244
1933,5,-0.33,0.282
1933,6,-0.445,0.231
1933,7,-0.193,0.303
1933,8,-0.18,0.323
1933,9,-0.297,0.247
1933,10,-0.07,0.186
1933,11,-0.283,0.196
1933,12,-0.622,0.203
1934,1,-0.23,0.208
1934,2,0.388,0.199
1934,3,-0.598,0.194
1934,4,-0.391,0.247
1934,5,0.088,0.282
1934,6,-0.14,0.228
1934,7,-0.075,0.302
1934,8,-0.163,0.33
1934,9,-0.407,0.246
1934,10,0.13,0.19
1934,11,0.224,0.183
1934,12,0.253,0.217
1935,1,-0.519,0.227
1935,2,0.819,0.199
1935,3,0.009,0.203
1935,4,-0.633,0.241
1935,5,-0.499,0.28
1935,6,-0.238,0.241
1935,7,-0.098,0.297
1935,8,-0.171,0.326
1935,9,-0.15,0.235
1935,10,0.202,0.184
1935,11,-0.711,0.203
1935,12,-0.294,0.2
1936,1,-0.46,0.229
1936,2,-0.792,0.206
1936,3,-0.362,0.215
1936,4,-0.277,0.242
1936,5,-0.15,0.288
1936,6,-0.204,0.229
1936,7,0.185,0.303
1936,8,-0.082,0.33
1936,9,-0.13,0.24
1936,10,0.163,0.178
1936,11,0.063,0.195
1936,12,0.184,0.188
1937,1,-0.239,0.191
1937,2,0.261,0.218
1937,3,-0.514,0.263
1937,4,-0.264,0.251
1937,5,0.015,0.287
1937,6,0.033,0.234
1937,7,-0.067,0.302
1937,8,0.069,0.325
1937,9,0.239,0.248
1937,10,0.425,0.194
1937,11,0.189,0.185
1937,12,-0.239,0.227
1938,1,0.224,0.186
1938,2,0.136,0.2
1938,3,0.267,0.237
1938,4,0.522,0.246
1938,5,0.073,0.288
1938,6,-0.243,0.228
1938,7,0.043,0.3
1938,8,0.02,0.326
1938,9,0.27,0.24
1938,10,0.49,0.175
1938,11,0.411,0.194
1938,12,-0.195,0.219
1939,1,0.25,0.19
1939,2,-0.038,0.213
1939,3,-0.445,0.222
1939,4,-0.063,0.258
1939,5,0.125,0.294
1939,6,-0.016,0.248
1939,7,-0.012,0.315
1939,8,0.003,0.324
1939,9,-0.183,0.244
1939,10,-0.062,0.185
1939,11,0.029,0.187
1939,12,1.245,0.196
1940,1,-0.339,0.203
1940,2,0.13,0.2
1940,3,0.015,0.197
1940,4,0.34,0.237
1940,5,-0.075,0.284
1940,6,0.034,0.232
1940,7,0.175,0.304
1940,8,-0.099,0.324
1940,9,0.149,0.251
1940,10,0.182,0.201
1940,11,-0.08,0.193
1940,12,0.417,0.199
1941,1,0.067,0.189
1941,2,0.366,0.197
1941,3,-0.163,0.186
1941,4,0.173,0.239
1941,5,0.101,0.284
1941,6,0.096,0.238
1941,7,0.289,0.305
1941,8,0.107,0.324
1941,9,-0.294,0.234
1941,10,0.436,0.173
1941,11,-0.193,0.189
1941,12,-0.008,0.209
1942,1,0.422,0.185
1942,2,-0.395,0.202
1942,3,-0.064,0.189
1942,4,0.045,0.236
1942,5,-0.044,0.278
1942,6,0.035,0.228
1942,7,-0.171,0.296
1942,8,-0.137,0.323
1942,9,0.022,0.239
1942,10,0.343,0.176
1942,11,0.244,0.183
1942,12,0.215,0.191
1943,1,-0.288,0.181
1943,2,0.261,0.188
1943,3,-0.235,0.189
1943,4,0.257,0.237
1943,5,0.083,0.277
1943,6,-0.386,0.229
1943,7,0.052,0.309
1943,8,-0.143,0.317
1943,9,-0.032,0.234
1943,10,0.622,0.178
1943,11,0.097,0.173
1943,12,0.543,0.188
1944,1,0.851,0.186
1944,2,0.309,0.192
1944,3,0.15,0.181
1944,4,0.05,0.226
1944,5,-0.037,0.278
1944,6,-0.074,0.225
1944,7,0.051,0.29
1944,8,0.102,0.308
1944,9,0.318,0.231
1944,10,0.516,0.178
1944,11,-0.052,0.18
1944,12,-0.248,0.191
1945,1,-0.134,0.184
1945,2,-0.625,0.199
1945,3,-0.194,0.18
1945,4,0.275,0.232
1945,5,-0.296,0.275
1945,6,-0.21,0.232
1945,7,-0.197,0.296
1945,8,0.382,0.317
1945,9,0.088,0.239
1945,10,0.296,0.179
1945,11,-0.067,0.18
1945,12,-0.533,0.185
1946,1,0.324,0.183
1946,2,0.199,0.197
1946,3,-0.125,0.195
1946,4,0.458,0.226
1946,5,-0.02,0.266
1946,6,-0.223,0.224
1946,7,0.017,0.291
1946,8,-0.093,0.316
1946,9,-0.056,0.23
1946,10,0.015,0.178
1946,11,0.11,0.172
1946,12,-0.522,0.181
1947,1,-0.044,0.174
1947,2,0.034,0.181
1947,3,0.43,0.188
1947,4,0.299,0.219
1947,5,-0.048,0.269
1947,6,-0.095,0.22
1947,7,-0.047,0.286
1947,8,-0.075,0.31
1947,9,0.049,0.232
1947,10,0.738,0.18
1947,11,0.284,0.18
1947,12,-0.029,0.19
1948,1,0.707,0.176
1948,2,-0.058,0.178
1948,3,-0.45,0.187
1948,4,0.114,0.216
1948,5,0.127,0.26
1948,6,0.115,0.21
1948,7,0.028,0.276
1948,8,-0.032,0.298
1948,9,0.02,0.219
1948,10,0.31,0.158
1948,11,0.073,0.166
1948,12,-0.185,0.174
1949,1,0.576,0.177
1949,2,-0.503,0.174
1949,3,-0.307,0.163
1949,4,-0.041,0.219
1949,5,-0.087,0.258
1949,6,-0.341,0.213
1949,7,-0.211,0.274
1949,8,-0.107,0.297
1949,9,-0.192,0.216
1949,10,0.251,0.18
1949,11,0.012,0.166
1949,12,-0.22,0.186
1950,1,-0.647,0.171
1950,2,-0.538,0.157
1950,3,-0.125,0.144
1950,4,-0.265,0.194
1950,5,-0.102,0.23
1950,6,-0.164,0.184
1950,7,-0.254,0.237
1950,8,-0.463,0.223
1950,9,-0.156,0.192
1950,10,-0.106,0.149
1950,11,-0.75,0.129
1950,12,-0.128,0.147
1951,1,-0.514,0.119
1951,2,-0.92,0.151
1951,3,-0.276,0.156
1951,4,-0.009,0.161
1951,5,0.065,0.218
1951,6,-0.294,0.202
1951,7,-0.105,0.242
1951,8,0.099,0.253
1951,9,0.186,0.223
1951,10,0.399,0.131
1951,11,0.106,0.136
1951,12,0.65,0.156
1952,1,0.401,0.144
1952,2,0.137,0.177
1952,3,-0.401,0.178
1952,4,0.093,0.226
1952,5,-0.042,0.274
1952,6,-0.079,0.213
1952,7,0.153,0.282
1952,8,0.061,0.304
1952,9,0.132,0.223
1952,10,-0.112,0.166
1952,11,-0.672,0.173
1952,12,-0.001,0.179
1953,1,0.316,0.169
1953,2,0.382,0.186
1953,3,0.363,0.175
1953,4,0.514,0.232
1953,5,0.123,0.278
1953,6,0.072,0.216
1953,7,-0.004,0.285
1953,8,0.149,0.305
1953,9,0.105,0.222
1953,10,0.329,0.173
1953,11,-0.188,0.172
1953,12,0.331,0.175
1954,1,-0.581,0.145
1954,2,-0.207,0.184
1954,3,-0.191,0.162
1954,4,-0.208,0.213
1954,5,-0.392,0.22
1954,6,-0.133,0.188
1954,7,-0.157,0.227
1954,8,-0.054,0.249
1954,9,-0.022,0.205
1954,10,0.288,0.148
1954,11,0.468,0.146
1954,12,-0.104,0.159
1955,1,0.766,0.136
1955,2,-0.102,0.144
1955,3,-0.758,0.12
1955,4,-0.246,0.144
1955,5,-0.191,0.186
1955,6,0.021,0.134
1955,7,-0.15,0.178
1955,8,0.378,0.237
1955,9,-0.165,0.142
1955,10,0.468,0.112
1955,11,-0.139,0.134
1955,12,-0.356,0.136
1956,1,-0.166,0.1
1956,2,-0.473,0.115
1956,3,-0.455,0.118
1956,4,-0.451,0.078
1956,5,-0.656,0.085
1956,6,-0.362,0.135
1956,7,-0.194,0.066
1956,8,-0.71,0.121
1956,9,-0.319,0.09
1956,10,-0.326,0.094
1956,11,-0.371,0.127
1956,12,-0.073,0.17
1957,1,-0.15,0.11
1957,2,-0.128,0.09
1957,3,-0.321,0.082
1957,4,-0.005,0.189
1957,5,-0.127,0.099
1957,6,0.256,0.206
1957,7,-0.263,0.23
1957,8,0.178,0.184
1957,9,0.196,0.349
1957,10,0.237,0.155
1957,11,0.278,0.129
1957,12,0.665,0.118
1958,1,0.927,0.102
1958,2,0.445,0.152
1958,3,0.108,0.092
1958,4,0.157,0.051
1958,5,0.141,0.074
1958,6,-0.336,0.106
1958,7,0.046,0.137
1958,8,-0.304,0.116
1958,9,-0.261,0.086
1958,10,0.124,0.079
1958,11,0.161,0.078
1958,12,0.155,0.099
1959,1,0.313,0.043
1959,2,0.089,0.074
1959,3,0.52,0.188
1959,4,0.457,0.11
1959,5,-0.047,0.093
1959,6,0.055,0.046
1959,7,0.057,0.102
1959,8,-0.034,0.095
1959,9,-0.172,0.101
1959,10,-0.096,0.09
1959,11,-0.352,0.056
1959,12,0.114,0.062
1960,1,0.084,0.066
1960,2,0.562,0.095
1960,3,-1.051,0.077
1960,4,-0.275,0.059
1960,5,-0.506,0.081
1960,6,-0.042,0.071
1960,7,-0.191,0.088
1960,8,-0.08,0.108
1960,9,-0.02,0.078
1960,10,0.225,0.046
1960,11,-0.28,0.129
1960,12,0.607,0.079
1961,1,0.302,0.077
1961,2,0.453,0.101
1961,3,0.231,0.073
1961,4,0.286,0.149
1961,5,0.253,0.079
1961,6,0.177,0.128
1961,7,-0.076,0.063
1961,8,-0.041,0.157
1961,9,0.136,0.077
1961,10,0.051,0.176
1961,11,0.097,0.066
1961,12,-0.159,0.044
1962,1,0.36,0.07
1962,2,0.453,0.062
1962,3,0.193,0.132
1962,4,0.172,0.131
1962,5,-0.252,0.048
1962,6,-0.089,0.193
1962,7,-0.175,0.061
1962,8,-0.191,0.102
1962,9,-0.103,0.256
1962,10,0.192,0.204
1962,11,0.176,0.145
1962,12,0.259,0.066
1963,1,0.259,0.069
1963,2,0.797,0.052
1963,3,-0.241,0.107
1963,4,-0.203,0.099
1963,5,-0.34,0.08
1963,6,-0.105,0.091
1963,7,0.123,0.09
1963,8,0.415,0.047
1963,9,0.46,0.147
1963,10,0.685,0.079
1963,11,0.452,0.105
1963,12,0.091,0.07
1964,1,0.237,0.152
1964,2,-0.208,0.057
1964,3,-0.475,0.065
1964,4,-0.447,0.085
1964,5,-0.472,0.069
1964,6,-0.042,0.095
1964,7,-0.07,0.105
1964,8,-0.244,0.15
1964,9,-0.531,0.056
1964,10,-0.424,0.084
1964,11,-0.126,0.082
1964,12,-0.21,0.071
1965,1,0.223,0.078
1965,2,-0.208,0.093
1965,3,-0.162,0.098
1965,4,-0.375,0.113
1965,5,-0.152,0.14
1965,6,-0.198,0.188
1965,7,-0.311,0.137
1965,8,-0.086,0.055
1965,9,-0.376,0.113
1965,10,0.23,0.117
1965,11,-0.245,0.073
1965,12,0.112,0.104
1966,1,-0.152,0.044
1966,2,0.047,0.069
1966,3,0.187,0.146
1966,4,-0.211,0.117
1966,5,-0.167,0.056
1966,6,0.038,0.134
1966,7,0.216,0.109
1966,8,-0.146,0.097
1966,9,0.033,0.056
1966,10,-0.133,0.097
1966,11,-0.156,0.115
1966,12,-0.288,0.064
1967,1,0.078,0.062
1967,2,-0.334,0.088
1967,3,0.074,0.107
1967,4,0.039,0.097
1967,5,0.261,0.101
1967,6,-0.341,0.078
1967,7,-0.009,0.119
1967,8,-0.167,0.152
1967,9,-0.047,0.071
1967,10,0.551,0.06
1967,11,0.067,0.093
1967,12,0.246,0.04
1968,1,-0.275,0.07
1968,2,0.008,0.067
1968,3,0.79,0.066
1968,4,0.085,0.086
1968,5,-0.368,0.092
1968,6,-0.284,0.105
1968,7,-0.403,0.107
1968,8,-0.415,0.081
1968,9,-0.552,0.131
1968,10,0.194,0.1
1968,11,-0.218,0.091
1968,12,-0.432,0.041
1969,1,-0.681,0.038
1969,2,-0.789,0.077
1969,3,-0.247,0.111
1969,4,0.214,0.095
1969,5,-0.022,0.05
1969,6,-0.039,0.069
1969,7,-0.165,0.105
1969,8,-0.082,0.091
1969,9,-0.106,0.075
1969,10,0.237,0.085
1969,11,0.31,0.049
1969,12,0.541,0.078
1970,1,0.196,0.07
1970,2,0.514,0.094
1970,3,-0.05,0.114
1970,4,0.228,0.091
1970,5,-0.163,0.05
1970,6,-0.007,0.167
1970,7,0.028,0.088
1970,8,-0.239,0.076
1970,9,0.173,0.053
1970,10,0.09,0.062
1970,11,-0.056,0.067
1970,12,-0.14,0.049
1971,1,0.337,0.06
1971,2,-0.35,0.113
1971,3,-0.323,0.039
1971,4,-0.023,0.082
1971,5,-0.149,0.109
1971,6,-0.424,0.07
1971,7,-0.244,0.083
1971,8,-0.013,0.077
1971,9,0.022,0.124
1971,10,0.134,0.079
1971,11,0.197,0.093
1971,12,0.21,0.066
1972,1,-0.75,0.078
1972,2,-0.627,0.082
1972,3,-0.101,0.142
1972,4,-0.004,0.084
1972,5,-0.191,0.092
1972,6,0,0.11
1972,7,-0.147,0.149
1972,8,0.281,0.099
1972,9,-0.203,0.162
1972,10,0.093,0.121
1972,11,-0.297,0.087
1972,12,0.126,0.066
1973,1,0.409,0.108
1973,2,0.668,0.123
1973,3,0.503,0.061
1973,4,0.599,0.116
1973,5,0.398,0.05
1973,6,0.314,0.044
1973,7,0.07,0.128
1973,8,-0.032,0.176
1973,9,0.015,0.063
1973,10,0.363,0.099
1973,11,0.133,0.071
1973,12,0.173,0.043
1974,1,-0.368,0.106
1974,2,-0.648,0.121
1974,3,-0.121,0.111
1974,4,-0.005,0.109
1974,5,-0.164,0.096
1974,6,-0.134,0.051
1974,7,-0.083,0.109
1974,8,0.112,0.124
1974,9,-0.363,0.134
1974,10,-0.151,0.06
1974,11,-0.184,0.088
1974,12,-0.114,0.129
1975,1,0.42,0.051
1975,2,0.172,0.076
1975,3,0.391,0.107
1975,4,0.232,0.112
1975,5,0.38,0.095
1975,6,0.033,0.134
1975,7,-0.024,0.131
1975,8,-0.417,0.178
1975,9,0.01,0.088
1975,10,0.063,0.05
1975,11,-0.2,0.055
1975,12,-0.003,0.063
1976,1,0.256,0.054
1976,2,-0.178,0.096
1976,3,-0.809,0.082
1976,4,-0.061,0.115
1976,5,-0.398,0.16
1976,6,-0.434,0.103
1976,7,-0.223,0.178
1976,8,-0.382,0.203
1976,9,-0.211,0.058
1976,10,-0.735,0.148
1976,11,-0.431,0.078
1976,12,0.022,0.044
1977,1,-0.133,0.039
1977,2,0.244,0.111
1977,3,0.393,0.091
1977,4,0.504,0.079
1977,5,0.458,0.097
1977,6,0.374,0.048
1977,7,0.269,0.09
1977,8,0.211,0.09
1977,9,-0.242,0.076
1977,10,-0.086,0.074
1977,11,0.449,0.059
1977,12,0.087,0.027
1978,1,0.082,0.084
1978,2,0.239,0.088
1978,3,0.299,0.062
1978,4,0.448,0.113
1978,5,0.017,0.055
1978,6,-0.285,0.074
1978,7,-0.028,0.192
1978,8,-0.592,0.089
1978,9,-0.073,0.09
1978,10,0.096,0.077
1978,11,0.255,0.077
1978,12,0.082,0.08
1979,1,0.049,0.066
1979,2,-0.387,0.066
1979,3,0.12,0.051
1979,4,0.109,0.053
1979,5,-0.205,0.087
1979,6,-0.075,0.117
1979,7,-0.257,0.084
1979,8,-0.053,0.087
1979,9,0.129,0.058
1979,10,0.338,0.086
1979,11,0.192,0.105
1979,12,0.946,0.094
1980,1,0.327,0.085
1980,2,0.428,0.061
1980,3,0.046,0.072
1980,4,0.569,0.102
1980,5,0.395,0.082
1980,6,0.07,0.08
1980,7,0.373,0.081
1980,8,0.3,0.095
1980,9,0.221,0.071
1980,10,0.296,0.036
1980,11,0.578,0.111
1980,12,0.344,0.094
1981,1,1.176,0.058
1981,2,0.815,0.06
1981,3,0.915,0.08
1981,4,0.596,0.081
1981,5,0.145,0.115
1981,6,0.256,0.119
1981,7,0.344,0.062
1981,8,0.611,0.14
1981,9,0.095,0.068
1981,10,0.124,0.066
1981,11,0.155,0.063
1981,12,0.851,0.028
1982,1,-0.076,0.073
1982,2,0.074,0.059
1982,3,-0.441,0.064
1982,4,0.128,0.083
1982,5,-0.022,0.068
1982,6,-0.252,0.066
1982,7,0.182,0.099
1982,8,-0.087,0.073
1982,9,-0.06,0.071
1982,10,-0.013,0.042
1982,11,-0.129,0.13
1982,12,0.684,0.12
1983,1,0.828,0.053
1983,2,0.616,0.06
1983,3,0.366,0.071
1983,4,0.346,0.066
1983,5,0.391,0.083
1983,6,-0.027,0.096
1983,7,0.038,0.059
1983,8,0.423,0.122
1983,9,0.592,0.126
1983,10,0.241,0.079
1983,11,0.667,0.095
1983,12,0.182,0.06
1984,1,0.325,0.057
1984,2,-0.129,0.027
1984,3,0.354,0.058
1984,4,0.073,0.096
1984,5,0.63,0.072
1984,6,-0.137,0.199
1984,7,0.047,0.111
1984,8,0.067,0.066
1984,9,-0.086,0.055
1984,10,0.132,0.055
1984,11,-0.275,0.116
1984,12,-0.472,0.086
1985,1,0.4,0.046
1985,2,-0.507,0.06
1985,3,0.144,0.032
1985,4,0.267,0.121
1985,5,0.067,0.068
1985,6,0.069,0.121
1985,7,-0.379,0.098
1985,8,0.177,0.088
1985,9,-0.131,0.086
1985,10,0.083,0.094
1985,11,-0.119,0.104
1985,12,0.146,0.094
1986,1,0.698,0.103
1986,2,0.788,0.059
1986,3,0.46,0.066
1986,4,0.505,0.054
1986,5,0.229,0.057
1986,6,-0.1,0.093
1986,7,-0.069,0.077
1986,8,0.076,0.105
1986,9,-0.269,0.112
1986,10,0.063,0.058
1986,11,-0.16,0.072
1986,12,0.111,0.076
1987,1,0.522,0.067
1987,2,0.929,0.067
1987,3,-0.065,0.045
1987,4,0.248,0.058
1987,5,0.153,0.084
1987,6,0.414,0.089
1987,7,0.512,0.096
1987,8,0.008,0.093
1987,9,0.356,0.087
1987,10,0.358,0.069
1987,11,-0.048,0.072
1987,12,0.847,0.07
1988,1,0.851,0.028
1988,2,0.235,0.066
1988,3,0.613,0.065
1988,4,0.648,0.046
1988,5,0.492,0.07
1988,6,0.584,0.122
1988,7,0.396,0.071
1988,8,0.651,0.133
1988,9,0.588,0.063
1988,10,0.747,0.092
1988,11,0.208,0.086
1988,12,0.732,0.111
1989,1,0.1,0.069
1989,2,0.415,0.058
1989,3,0.477,0.083
1989,4,0.36,0.072
1989,5,-0.095,0.057
1989,6,-0.033,0.114
1989,7,0.255,0.115
1989,8,0.247,0.062
1989,9,0.307,0.04
1989,10,0.523,0.034
1989,11,0.102,0.068
1989,12,0.787,0.071
1990,1,0.655,0.072
1990,2,0.458,0.08
1990,3,1.397,0.071
1990,4,0.821,0.063
1990,5,0.454,0.055
1990,6,0.395,0.083
1990,7,0.421,0.111
1990,8,0.214,0.09
1990,9,0.118,0.127
1990,10,0.609,0.092
1990,11,0.825,0.106
1990,12,0.785,0.061
1991,1,0.614,0.078
1991,2,0.851,0.055
1991,3,0.261,0.051
1991,4,0.899,0.089
1991,5,0.268,0.106
1991,6,0.775,0.063
1991,7,0.624,0.096
1991,8,0.453,0.079
1991,9,0.577,0.074
1991,10,0.51,0.058
1991,11,0.354,0.094
1991,12,0.437,0.067
1992,1,0.97,0.041
1992,2,0.713,0.08
1992,3,0.596,0.1
1992,4,0.21,0.063
1992,5,0.172,0.086
1992,6,0.062,0.052
1992,7,-0.229,0.053
1992,8,-0.117,0.077
1992,9,-0.43,0.068
1992,10,0.114,0.068
1992,11,-0.202,0.1
1992,12,0.446,0.142
1993,1,0.694,0.086
1993,2,0.557,0.035
1993,3,0.608,0.06
1993,4,0.334,0.071
1993,5,0.118,0.079
1993,6,0.027,0.067
1993,7,0.206,0.062
1993,8,-0.042,0.073
1993,9,-0.151,0.071
1993,10,0.378,0.067
1993,11,-0.347,0.064
1993,12,0.409,0.082
1994,1,0.42,0.063
1994,2,-0.399,0.096
1994,3,0.409,0.065
1994,4,0.669,0.062
1994,5,0.317,0.05
1994,6,0.634,0.08
1994,7,0.292,0.092
1994,8,0.074,0.105
1994,9,0.443,0.044
1994,10,0.759,0.04
1994,11,0.693,0.07
1994,12,0.459,0.054
1995,1,0.926,0.062
1995,2,1.462,0.089
1995,3,0.63,0.056
1995,4,0.629,0.037
1995,5,0.206,0.025
1995,6,0.637,0.077
1995,7,0.737,0.053
1995,8,0.747,0.056
1995,9,0.459,0.048
1995,10,0.858,0.064
1995,11,0.664,0.098
1995,12,0.484,0.046
1996,1,0.26,0.055
1996,2,0.768,0.092
1996,3,0.194,0.086
1996,4,0.331,0.059
1996,5,0.219,0.054
1996,6,0.167,0.053
1996,7,0.457,0.075
1996,8,0.711,0.039
1996,9,0.226,0.08
1996,10,0.277,0.057
1996,11,0.426,0.06
1996,12,0.673,0.054
1997,1,0.584,0.068
1997,2,0.549,0.054
1997,3,0.67,0.084
1997,4,0.534,0.074
1997,5,0.216,0.028
1997,6,0.623,0.047
1997,7,0.16,0.072
1997,8,0.353,0.098
1997,9,0.588,0.052
1997,10,0.881,0.049
1997,11,0.741,0.116
1997,12,0.791,0.082
1998,1,0.766,0.069
1998,2,1.622,0.046
1998,3,0.697,0.03
1998,4,1.018,0.085
1998,5,0.921,0.059
1998,6,1.029,0.092
1998,7,0.973,0.069
1998,8,1.002,0.045
1998,9,0.575,0.046
1998,10,0.714,0.051
1998,11,0.328,0.061
1998,12,1.049,0.029
1999,1,0.941,0.072
1999,2,1.471,0.055
1999,3,0.197,0.049
1999,4,0.462,0.049
1999,5,0.329,0.083
1999,6,0.526,0.079
1999,7,0.472,0.069
1999,8,0.467,0.073
1999,9,0.63,0.058
1999,10,0.756,0.079
1999,11,0.511,0.065
1999,12,0.95,0.047
2000,1,0.371,0.071
2000,2,0.996,0.064
2000,3,0.89,0.05
2000,4,1.211,0.059
2000,5,0.51,0.095
2000,6,0.549,0.095
2000,7,0.478,0.073
2000,8,0.646,0.066
2000,9,0.455,0.054
2000,10,0.233,0.061
2000,11,0.212,0.054
2000,12,0.23,0.039
2001,1,0.749,0.077
2001,2,0.539,0.041
2001,3,0.91,0.05
2001,4,0.892,0.082
2001,5,0.92,0.083
2001,6,0.6,0.061
2001,7,0.785,0.055
2001,8,0.534,0.081
2001,9,0.614,0.061
2001,10,0.674,0.058
2001,11,1.245,0.041
2001,12,0.893,0.05
2002,1,1.435,0.064
2002,2,1.499,0.071
2002,3,1.457,0.041
2002,4,0.893,0.067
2002,5,0.875,0.077
2002,6,0.576,0.073
2002,7,0.967,0.08
2002,8,0.662,0.061
2002,9,0.863,0.054
2002,10,0.725,0.073
2002,11,0.81,0.101
2002,12,0.396,0.084
2003,1,1.387,0.09
2003,2,0.893,0.056
2003,3,0.736,0.067
2003,4,0.808,0.055
2003,5,0.786,0.097
2003,6,0.499,0.088
2003,7,0.614,0.085
2003,8,0.777,0.08
2003,9,0.804,0.096
2003,10,1.163,0.047
2003,11,0.635,0.06
2003,12,1.509,0.043
2004,1,0.943,0.106
2004,2,1.293,0.063
2004,3,1.012,0.053
2004,4,0.892,0.069
2004,5,0.169,0.054
2004,6,0.383,0.068
2004,7,-0.061,0.11
2004,8,0.289,0.094
2004,9,0.51,0.063
2004,10,0.876,0.062
2004,11,1.234,0.065
2004,12,0.641,0.055
2005,1,1.214,0.08
2005,2,0.727,0.036
2005,3,1.238,0.07
2005,4,1.246,0.081
2005,5,0.867,0.074
2005,6,0.954,0.08
2005,7,0.803,0.079
2005,8,0.624,0.105
2005,9,1.126,0.072
2005,10,1.355,0.061
2005,11,1.348,0.053
2005,12,1.246,0.047
2006,1,0.712,0.054
2006,2,1.243,0.063
2006,3,1.002,0.06
2006,4,0.701,0.077
2006,5,0.402,0.059
2006,6,0.954,0.101
2006,7,0.626,0.105
2006,8,1.021,0.105
2006,9,0.783,0.07
2006,10,1.076,0.06
2006,11,0.866,0.036
2006,12,1.385,0.067
2007,1,1.996,0.057
2007,2,1.054,0.056
2007,3,1.181,0.086
2007,4,1.498,0.083
2007,5,1.172,0.091
2007,6,0.8,0.102
2007,7,0.826,0.108
2007,8,0.869,0.142
2007,9,0.85,0.073
2007,10,1.11,0.057
2007,11,1.019,0.052
2007,12,0.914,0.057
2008,1,0.277,0.089
2008,2,0.409,0.072
2008,3,1.604,0.078
2008,4,0.97,0.087
2008,5,0.684,0.076
2008,6,0.673,0.104
2008,7,0.8,0.09
2008,8,0.474,0.107
2008,9,0.721,0.054
2008,10,1.182,0.052
2008,11,1.159,0.045
2008,12,0.774,0.064
2009,1,1.118,0.065
2009,2,0.923,0.05
2009,3,0.812,0.067
2009,4,1.006,0.064
2009,5,0.781,0.046
2009,6,0.73,0.065
2009,7,0.892,0.104
2009,8,0.797,0.089
2009,9,1.071,0.047
2009,10,0.885,0.053
2009,11,0.976,0.074
2009,12,0.702,0.066
2010,1,1.124,0.079
2010,2,1.197,0.074
2010,3,1.415,0.067
2010,4,1.32,0.085
2010,5,1.069,0.075
2010,6,0.897,0.074
2010,7,0.818,0.095
2010,8,0.892,0.082
2010,9,0.786,0.047
2010,10,1.211,0.066
2010,11,1.411,0.073
2010,12,0.666,0.073
2011,1,0.706,0.063
2011,2,0.558,0.041
2011,3,0.786,0.059
2011,4,1.129,0.067
2011,5,0.612,0.089
2011,6,0.857,0.064
2011,7,1.114,0.075
2011,8,1.19,0.069
2011,9,0.832,0.044
2011,10,1.15,0.104
2011,11,0.754,0.091
2011,12,1.048,0.06
2012,1,0.596,0.063
2012,2,0.443,0.093
2012,3,0.723,0.076
2012,4,1.341,0.095
2012,5,1.23,0.116
2012,6,0.977,0.123
2012,7,0.719,0.089
2012,8,0.827,0.071
2012,9,0.921,0.099
2012,10,1.176,0.061
2012,11,1.075,0.083
2012,12,0.484,0.067
2013,1,1.125,0.066
2013,2,1.04,0.082
2013,3,0.973,0.094
2013,4,0.707,0.075
2013,5,0.86,0.13
2013,6,1.056,0.057
2013,7,0.645,0.058
2013,8,0.878,0.084
2013,9,1.078,0.042
2013,10,1.039,0.065
2013,11,1.357,0.054
2013,12,1.097,0.071
2014,1,1.148,0.089
2014,2,0.293,0.078
2014,3,1.062,0.105
2014,4,1.228,0.105
2014,5,1.2,0.067
2014,6,0.832,0.07
2014,7,0.504,0.072
2014,8,0.999,0.06
2014,9,1.004,0.045
2014,10,1.111,0.061
2014,11,0.631,0.066
2014,12,1.221,0.069
2015,1,1.304,0.066
2015,2,1.468,0.057
2015,3,1.44,0.052
2015,4,0.959,0.125
2015,5,0.98,0.101
2015,6,1.014,0.105
2015,7,0.69,0.078
2015,8,0.883,0.097
2015,9,0.901,0.07
2015,10,1.548,0.053
2015,11,1.347,0.052
2015,12,1.807,0.073
2016,1,1.579,0.072
2016,2,2.193,0.075
2016,3,2.174,0.094
2016,4,1.806,0.116
2016,5,1.254,0.099
2016,6,0.881,0.147
2016,7,0.926,0.108
2016,8,1.43,0.049
2016,9,1.07,0.061
2016,10,1.046,0.059
2016,11,1.1,0.098
2016,12,1.268,0.066
2017,1,1.561,0.051
2017,2,1.757,0.083
2017,3,1.859,0.118
2017,4,1.303,0.137
2017,5,1.235,0.102
2017,6,0.798,0.136
2017,7,0.968,0.06
2017,8,1.054,0.075
2017,9,0.917,0.074
2017,10,1.304,0.057
2017,11,1.053,0.063
2017,12,1.488,0.059
2018,1,1.154,0.079
2018,2,1.097,0.048
2018,3,1.381,0.079
2018,4,1.342,0.102
2018,5,1.138,0.211
2018,6,1.081,0.134
2018,7,1.115,0.081
2018,8,1.002,0.106
2018,9,0.821,0.098
2018,10,1.343,0.099
2018,11,0.818,0.039
2018,12,1.245,0.089
2019,1,1.387,0.079
2019,2,1.19,0.071